ID,Employee_ID,Org_ID,Employee_Name,Gender,Date_Of_Joining,Date_of_Birth,Date_Of_Anniversary
1,1,1,Jordan Smith,Female,2022-09-30,1990-01-05,
2,2,1,Jordan Taylor,Male,2024-09-24,1981-06-04,
3,3,1,Morgan Williams,Male,2022-03-25,2004-06-11,
4,4,1,Parker Moore,Female,2020-01-27,1987-02-28,2017-08-19
5,5,1,Casey Brown,Male,2023-10-10,1984-08-01,
6,6,1,Jordan Garcia,Female,2022-12-19,1981-12-12,2022-01-10
7,7,1,Jordan White,Female,2020-11-18,2004-10-05,
8,8,1,Cameron Moore,Female,2022-02-26,1983-02-13,
9,9,1,Morgan Thomas,Female,2020-11-22,1990-06-11,2018-07-11
10,10,1,Casey Davis,Female,2021-10-28,1996-08-09,
11,11,1,Cameron Jones,Male,2021-12-01,2003-12-17,2013-08-31
12,12,1,Parker Miller,Female,2022-06-18,1994-07-19,2011-04-04
13,13,1,Morgan Jackson,Male,2023-07-16,1997-12-29,
14,14,1,Morgan White,Female,2022-05-20,2002-05-24,
15,15,1,Emerson Taylor,Female,2021-08-08,1991-11-18,
16,16,1,Quinn Wilson,Female,2024-10-20,1997-11-30,
17,17,1,Taylor Wilson,Female,2021-01-07,1982-02-10,2013-06-06
18,18,1,Cameron Brown,Female,2020-09-17,1997-04-05,
19,19,1,Parker Wilson,Female,2020-02-17,1985-02-19,2022-01-16
20,20,1,Reese Jones,Female,2021-04-01,1993-03-01,
21,21,1,Parker Smith,Female,2025-08-12,1988-01-06,
22,22,1,Jordan Jackson,Female,2025-09-10,1988-12-02,
23,23,1,Reese Brown,Male,2023-08-20,2001-12-01,
24,24,1,Emerson Garcia,Female,2022-09-07,1982-08-07,
25,25,1,Skyler Johnson,Male,2025-06-13,1983-02-07,2021-12-12
26,26,1,Reese Brown,Male,2025-04-30,2004-08-29,
27,27,1,Jamie Jackson,Female,2022-05-17,2004-03-10,2025-06-22
28,28,1,Morgan Anderson,Female,2024-06-22,1996-10-01,
29,29,1,Jamie Davis,Male,2022-10-12,1990-01-29,
30,30,1,Alex Moore,Male,2022-06-21,1980-04-27,
31,31,1,Cameron Smith,Male,2020-10-03,1981-05-29,2011-08-04
32,32,1,Jamie Williams,Female,2025-06-11,1989-08-11,
33,33,1,Quinn White,Female,2022-09-22,2001-03-20,2014-04-09
34,34,1,Jordan Johnson,Female,2023-12-22,1998-12-31,
35,35,1,Dakota Anderson,Male,2021-02-07,1982-09-20,
36,36,1,Avery Thomas,Male,2022-10-15,1988-08-05,
37,37,1,Parker Brown,Female,2022-01-21,1992-06-29,
38,38,1,Dakota White,Male,2024-12-20,2004-09-07,
39,39,1,Cameron Wilson,Male,2021-01-17,1990-08-08,
40,40,1,Parker Davis,Male,2024-06-30,1982-08-18,
41,41,1,Alex Miller,Female,2025-02-06,1992-10-17,
42,42,1,Quinn Thomas,Female,2021-09-26,1988-07-08,
43,43,1,Alex Moore,Male,2023-07-08,1982-07-25,
44,44,1,Parker Wilson,Male,2020-08-20,2002-10-12,
45,45,1,Taylor Johnson,Male,2022-08-21,1998-02-10,
46,46,1,Emerson Moore,Male,2020-06-11,1983-09-05,
47,47,1,Skyler Moore,Female,2022-12-04,1989-02-28,2017-01-17
48,48,1,Morgan Jones,Female,2021-06-20,1993-06-16,
49,49,1,Emerson Thomas,Male,2020-02-08,2000-07-22,2022-08-18
50,50,1,Jordan Johnson,Male,2025-09-03,1991-11-24,
51,51,1,Avery White,Male,2022-09-27,1996-07-29,
52,52,1,Parker Jackson,Female,2025-12-06,1980-05-08,2022-06-10
53,53,1,Casey White,Male,2021-07-04,1991-11-12,
54,54,1,Jordan Anderson,Male,2023-01-20,1992-08-21,2017-09-09
55,55,1,Morgan Taylor,Female,2025-09-01,2001-11-30,
56,56,1,Emerson Jackson,Male,2021-01-13,1998-12-31,2010-12-28
57,57,1,Alex Garcia,Male,2022-12-08,1987-04-01,2022-05-17
58,58,1,Quinn Miller,Male,2021-04-03,1983-05-17,2025-07-01
59,59,1,Emerson Brown,Male,2024-02-21,2004-10-13,
60,60,1,Taylor Smith,Female,2024-02-02,1981-10-15,2014-09-17
61,61,1,Cameron Williams,Male,2023-12-19,2005-02-11,2019-02-12
62,62,1,Skyler Anderson,Male,2022-08-27,1987-04-16,2013-12-21
63,63,1,Emerson Miller,Male,2022-01-04,1994-11-25,2019-03-27
64,64,1,Reese Taylor,Male,2022-12-28,1987-02-21,2012-06-04
65,65,1,Riley Jackson,Male,2025-04-11,1989-12-23,
66,66,1,Emerson Davis,Female,2023-06-04,1990-03-17,
67,67,1,Cameron Williams,Female,2023-09-06,1992-06-30,2016-04-05
68,68,1,Avery Taylor,Female,2023-09-18,1981-03-28,
69,69,1,Casey Brown,Female,2020-06-05,1984-11-11,
70,70,1,Avery Anderson,Female,2024-11-22,2002-12-10,
71,71,1,Emerson Moore,Male,2022-11-09,1981-12-28,2010-01-14
72,72,1,Jamie White,Male,2024-01-31,1999-05-07,
73,73,1,Cameron White,Female,2023-07-09,1985-08-03,2016-09-26
74,74,1,Jamie Jones,Female,2023-08-29,1998-01-18,2022-06-08
75,75,1,Taylor Williams,Female,2024-04-01,1987-10-22,2016-10-01
76,76,1,Riley Wilson,Male,2023-05-29,1992-11-13,
77,77,1,Reese Moore,Female,2025-03-19,1999-10-26,
78,78,1,Morgan Wilson,Female,2021-11-26,1983-10-21,
79,79,1,Cameron Taylor,Female,2021-01-17,1990-07-15,2015-01-15
80,80,1,Reese Williams,Male,2020-04-10,1982-01-27,
81,81,1,Parker Moore,Male,2025-02-08,1998-08-04,2022-11-29
82,82,1,Morgan Anderson,Female,2025-07-17,1997-12-04,
83,83,1,Cameron Anderson,Male,2021-03-12,1999-01-26,
84,84,1,Reese Anderson,Female,2020-07-24,2005-01-01,
85,85,1,Dakota Johnson,Female,2021-06-30,2000-11-03,2022-07-15
86,86,1,Skyler Garcia,Female,2025-08-29,1999-02-21,2022-04-16
87,87,1,Parker White,Male,2025-04-28,2000-03-09,
88,88,1,Morgan Jackson,Female,2025-11-05,2001-09-26,2016-02-28
89,89,1,Parker Johnson,Female,2022-08-18,1992-03-09,
90,90,1,Emerson Wilson,Male,2021-07-20,1986-10-07,
91,91,1,Quinn Brown,Male,2020-09-20,1998-08-11,
92,92,1,Jamie Davis,Female,2020-09-12,1989-04-11,2018-09-26
93,93,1,Emerson Thomas,Male,2024-04-07,2001-05-24,
94,94,1,Avery Jones,Female,2024-09-12,2004-02-22,2022-04-01
95,95,1,Reese Moore,Male,2025-06-22,1989-11-04,
96,96,1,Parker Smith,Female,2023-10-08,1998-02-19,2020-06-25
97,97,1,Emerson Brown,Male,2024-06-01,2005-04-25,2011-11-19
98,98,1,Cameron Miller,Male,2025-03-06,1988-02-25,
99,99,1,Riley Garcia,Male,2025-02-05,1994-08-30,
100,100,1,Emerson Miller,Female,2024-09-22,1991-04-26,2020-07-19
101,101,1,Alex Anderson,Male,2023-12-04,1990-01-21,2024-08-14
102,102,1,Alex Thomas,Male,2022-10-09,1988-12-10,2023-12-08
103,103,1,Taylor Williams,Male,2025-04-23,1985-02-17,
104,104,1,Morgan Davis,Female,2024-02-19,1987-07-12,2012-07-27
105,105,1,Reese Jackson,Male,2023-06-28,1984-11-06,
106,106,1,Emerson Jones,Female,2024-06-12,1988-11-23,
107,107,1,Quinn Jackson,Male,2021-02-21,1993-07-12,2023-06-20
108,108,1,Reese Johnson,Male,2023-11-23,2003-11-24,
109,109,1,Avery Johnson,Female,2020-02-21,1998-11-04,2012-05-14
110,110,1,Riley Garcia,Female,2021-09-18,1999-07-15,
111,111,1,Jamie Taylor,Female,2025-06-03,2000-11-07,
112,112,1,Quinn Moore,Female,2023-08-13,1991-01-05,2011-12-11
113,113,1,Casey White,Female,2022-09-25,2000-11-04,
114,114,1,Cameron Miller,Female,2020-04-27,2002-03-04,2014-01-29
115,115,1,Parker Williams,Female,2022-11-24,1995-04-08,
116,116,1,Skyler Anderson,Female,2020-02-11,2003-03-05,2011-12-03
117,117,1,Morgan Anderson,Female,2025-06-24,2004-11-26,2025-06-28
118,118,1,Parker Taylor,Female,2025-01-09,1980-10-09,
119,119,1,Morgan Miller,Male,2023-06-08,1996-07-21,
120,120,1,Jamie Garcia,Female,2023-09-16,1995-10-13,2016-01-29
121,121,1,Casey Jones,Male,2021-05-09,1988-08-21,
122,122,1,Quinn Wilson,Male,2022-02-23,1989-09-15,2016-03-15
123,123,1,Quinn Moore,Female,2021-02-15,1988-09-15,
124,124,1,Avery Brown,Female,2020-02-27,2003-12-17,
125,125,1,Alex Smith,Female,2021-06-01,2002-01-07,
126,126,1,Alex Moore,Female,2025-04-06,2001-06-22,
127,127,1,Taylor Smith,Female,2025-05-10,1985-02-12,2018-12-27
128,128,1,Parker Johnson,Male,2021-09-13,1986-09-10,2016-10-25
129,129,1,Jordan Williams,Male,2024-08-31,1990-02-14,2018-07-14
130,130,1,Parker White,Female,2023-05-02,1999-03-27,
131,131,1,Skyler Smith,Male,2022-05-01,1989-06-19,
132,132,1,Jordan Brown,Male,2021-12-12,2004-10-04,
133,133,1,Alex Miller,Female,2025-04-08,1993-01-23,
134,134,1,Casey Anderson,Female,2025-02-02,1983-03-12,2015-12-08
135,135,1,Reese Thomas,Male,2024-10-07,1985-02-23,
136,136,1,Cameron Brown,Female,2021-08-05,1983-03-15,
137,137,1,Reese Jones,Female,2024-12-03,1985-07-30,
138,138,1,Casey Anderson,Female,2023-01-20,2002-06-13,
139,139,1,Parker Johnson,Male,2024-11-04,1994-06-16,2010-07-31
140,140,1,Jordan Williams,Male,2023-01-08,2005-11-06,
141,141,1,Reese Brown,Female,2025-10-26,1999-11-02,2014-01-26
142,142,1,Skyler Miller,Female,2021-01-08,2001-01-30,
143,143,1,Avery Garcia,Male,2021-10-20,1994-10-17,
144,144,1,Parker Jones,Female,2020-05-30,2000-05-26,
145,145,1,Casey Garcia,Male,2024-07-13,2003-01-31,2010-01-10
146,146,1,Cameron Jackson,Female,2024-08-19,1982-06-07,
147,147,1,Avery Moore,Female,2024-12-15,1982-04-25,
148,148,1,Jamie Brown,Female,2024-11-29,2001-09-28,
149,149,1,Cameron Moore,Male,2021-10-10,1993-12-09,
150,150,1,Jamie Miller,Male,2022-07-09,1985-02-01,
151,151,1,Jordan Taylor,Male,2025-08-03,1993-02-02,
152,152,1,Casey Miller,Female,2025-04-18,1990-12-07,
153,153,1,Taylor Miller,Male,2025-09-12,1986-02-14,2016-03-13
154,154,1,Reese Thomas,Female,2023-10-24,2002-10-10,
155,155,1,Alex Jones,Female,2025-06-28,1986-08-31,
156,156,1,Parker Garcia,Female,2024-03-25,2000-06-04,2014-03-26
157,157,1,Quinn Williams,Female,2022-08-14,1998-06-05,
158,158,1,Quinn Davis,Female,2024-04-30,1986-10-28,
159,159,1,Alex Brown,Female,2021-02-15,1999-10-01,
160,160,1,Emerson Davis,Male,2021-08-13,1998-05-23,2013-06-18
161,161,1,Jordan Davis,Female,2023-10-18,1997-10-30,2017-05-15
162,162,1,Dakota Taylor,Female,2023-07-21,2001-11-20,2010-10-22
163,163,1,Skyler Johnson,Male,2023-03-23,1990-03-16,2019-09-26
164,164,1,Jordan Thomas,Male,2024-12-22,1987-06-18,2010-08-26
165,165,1,Alex Garcia,Male,2023-04-16,1996-01-30,
166,166,1,Taylor Williams,Female,2022-01-07,1987-08-17,
167,167,1,Skyler Jackson,Female,2022-09-13,2002-04-28,2013-03-18
168,168,1,Morgan Davis,Female,2025-02-25,1991-06-15,2020-06-08
169,169,1,Emerson Jones,Male,2020-10-29,1999-10-25,2023-03-07
170,170,1,Casey Taylor,Female,2022-10-21,2000-06-28,2014-06-20
171,171,1,Riley Jackson,Female,2021-03-12,1990-08-22,
172,172,1,Avery Moore,Female,2023-04-24,1980-12-25,2024-10-06
173,173,1,Riley Jones,Male,2020-07-19,2002-04-13,2016-06-02
174,174,1,Reese Thomas,Male,2023-12-14,1989-10-28,2023-12-05
175,175,1,Casey Taylor,Male,2021-02-01,1981-10-07,
176,176,1,Parker Smith,Female,2021-06-22,1984-01-16,2017-04-30
177,177,1,Quinn Miller,Male,2022-04-02,1985-12-05,2018-03-17
178,178,1,Jamie Wilson,Female,2021-11-04,1991-07-12,2020-10-22
179,179,1,Reese Jones,Female,2021-04-16,2001-01-03,2013-02-27
180,180,1,Reese Williams,Female,2024-02-07,1984-01-19,2010-04-25
181,181,1,Casey Wilson,Male,2025-02-05,1996-07-13,2025-01-29
182,182,1,Casey Moore,Female,2024-03-01,1984-11-10,2020-07-29
183,183,1,Alex Moore,Female,2022-06-25,1982-11-01,2020-05-31
184,184,1,Emerson Anderson,Female,2024-07-30,1985-03-26,
185,185,1,Alex Jones,Female,2021-04-20,1984-05-11,
186,186,1,Jamie Brown,Female,2025-02-01,1996-08-22,2025-08-15
187,187,1,Jamie Miller,Male,2024-08-26,1984-06-10,2023-10-23
188,188,1,Riley Jones,Male,2024-02-26,1989-09-29,
189,189,1,Morgan Jackson,Female,2021-02-10,1996-06-23,
190,190,1,Cameron Garcia,Male,2024-06-18,1992-05-17,
191,191,1,Jordan Jackson,Female,2021-01-10,1989-07-07,2023-05-24
192,192,1,Alex Smith,Female,2022-09-24,1985-08-25,2014-08-09
193,193,1,Jordan Jackson,Male,2022-06-03,1990-06-14,
194,194,1,Taylor Thomas,Male,2023-02-09,1986-06-28,2022-02-12
195,195,1,Casey Thomas,Male,2021-03-26,1981-02-26,
196,196,1,Avery Thomas,Male,2023-08-19,1980-09-15,
197,197,1,Alex Brown,Female,2025-11-24,1985-02-05,2020-09-06
198,198,1,Parker Thomas,Female,2025-10-03,1984-11-21,
199,199,1,Morgan Moore,Male,2025-11-05,1993-07-12,
200,200,1,Alex Smith,Female,2024-07-03,1999-02-14,2020-12-30
201,201,1,Quinn White,Female,2020-10-28,1983-08-16,
202,202,1,Taylor Johnson,Male,2023-01-31,2004-08-06,2018-07-18
203,203,1,Skyler Wilson,Female,2025-02-01,2002-09-04,2012-03-23
204,204,1,Reese Anderson,Male,2022-05-30,1999-04-17,
205,205,1,Morgan Miller,Female,2025-01-31,1997-11-19,
206,206,1,Jordan Garcia,Female,2023-07-04,1991-06-08,
207,207,1,Taylor Taylor,Female,2020-10-01,1984-02-03,2012-02-03
208,208,1,Riley Johnson,Female,2021-06-16,2004-12-15,
209,209,1,Jamie Wilson,Female,2021-05-15,1998-06-05,
210,210,1,Cameron Thomas,Female,2020-07-29,1992-11-25,2017-11-20
211,211,1,Jordan Moore,Male,2021-09-25,2001-08-18,
212,212,1,Jordan Garcia,Female,2021-04-15,1992-06-30,
213,213,1,Reese Miller,Male,2022-12-31,1981-04-19,
214,214,1,Quinn Thomas,Female,2023-10-23,1995-09-30,
215,215,1,Dakota Brown,Female,2020-10-12,1986-05-13,2010-09-09
216,216,1,Jordan Anderson,Male,2024-03-20,1998-10-31,
217,217,1,Taylor Garcia,Female,2023-08-21,2005-06-17,
218,218,1,Emerson Smith,Male,2021-10-06,1982-03-26,2016-02-08
219,219,1,Parker Taylor,Female,2025-06-12,1999-10-30,
220,220,1,Morgan Thomas,Male,2023-11-14,1999-04-14,
221,221,1,Cameron Taylor,Female,2025-11-28,1993-11-01,
222,222,1,Riley Moore,Male,2020-02-01,1989-03-03,
223,223,1,Morgan Thomas,Male,2022-11-12,1992-12-25,
224,224,1,Alex Davis,Female,2021-12-20,1985-10-17,
225,225,1,Quinn Williams,Female,2020-10-22,1997-10-23,2010-12-13
226,226,1,Riley Smith,Female,2020-11-14,1994-01-16,
227,227,1,Skyler Miller,Female,2023-03-31,1985-03-02,
228,228,1,Avery Brown,Female,2024-01-22,1983-12-14,
229,229,1,Jordan Williams,Female,2024-06-28,2003-07-03,
230,230,1,Dakota Jones,Female,2022-06-26,1994-12-09,2011-09-18
231,231,1,Jamie Taylor,Male,2025-12-13,2002-11-16,
232,232,1,Reese Garcia,Female,2021-08-27,1990-08-07,
233,233,1,Casey Williams,Male,2021-09-18,1983-05-19,
234,234,1,Reese Taylor,Female,2025-03-15,2005-04-15,2020-01-26
235,235,1,Cameron White,Female,2023-07-18,1986-10-09,
236,236,1,Parker Davis,Female,2023-01-30,1982-07-09,
237,237,1,Jordan Jones,Female,2025-01-25,1981-09-08,
238,238,1,Dakota Jones,Male,2021-01-04,2002-09-29,
239,239,1,Skyler Wilson,Male,2025-01-16,2005-08-23,2017-03-18
240,240,1,Skyler Davis,Male,2020-09-10,2000-03-17,
241,241,1,Emerson Jackson,Female,2020-12-11,2002-08-19,2010-11-17
242,242,1,Morgan Anderson,Female,2024-12-04,2003-07-05,
243,243,1,Taylor Garcia,Female,2023-03-04,1997-05-18,
244,244,1,Avery Taylor,Male,2023-10-02,1982-12-15,
245,245,1,Jamie Taylor,Female,2023-03-09,1991-04-21,2024-09-22
246,246,1,Emerson Moore,Male,2023-09-27,1983-08-28,
247,247,1,Taylor White,Female,2023-06-24,1997-07-31,
248,248,1,Quinn Johnson,Female,2024-03-22,1994-09-25,2025-01-11
249,249,1,Quinn Jackson,Male,2024-09-30,2002-10-23,
250,250,1,Avery Jones,Male,2022-05-27,1995-04-30,2020-11-27
251,251,1,Morgan Williams,Male,2021-09-26,1983-06-18,
252,252,1,Reese Johnson,Male,2023-10-11,1985-11-17,
253,253,1,Taylor Brown,Male,2021-11-09,1999-08-19,
254,254,1,Avery Taylor,Male,2024-12-24,1992-10-12,2020-01-26
255,255,1,Morgan Wilson,Male,2023-06-21,2001-01-14,2014-05-09
256,256,1,Avery Taylor,Female,2025-03-06,1992-08-21,2021-04-12
257,257,1,Jamie Miller,Male,2022-03-28,1986-03-17,2011-03-04
258,258,1,Cameron Davis,Female,2021-02-24,2003-02-21,2016-05-24
259,259,1,Jordan Thomas,Male,2023-01-22,2000-02-26,2013-04-22
260,260,1,Dakota Miller,Male,2022-06-28,2000-03-27,2010-08-07
261,261,1,Riley Smith,Female,2025-08-18,1996-10-09,
262,262,1,Jordan Garcia,Male,2020-04-25,1994-04-18,2024-07-30
263,263,1,Avery Thomas,Male,2021-07-17,1981-09-19,
264,264,1,Dakota Davis,Male,2025-04-05,2000-02-14,2011-10-12
265,265,1,Alex Jones,Male,2021-09-04,2004-08-13,2023-08-28
266,266,1,Jamie Miller,Male,2023-03-26,1990-08-29,
267,267,1,Alex Williams,Female,2025-02-15,1982-10-26,
268,268,1,Emerson Davis,Male,2025-10-11,2005-10-17,
269,269,1,Taylor Jones,Female,2020-01-07,1995-10-29,
270,270,1,Riley Brown,Male,2025-11-14,1996-03-05,
271,271,1,Jamie Wilson,Male,2024-05-18,2001-02-01,
272,272,1,Riley Garcia,Female,2020-03-07,1996-01-07,2017-09-25
273,273,1,Morgan Anderson,Male,2023-09-23,1985-12-25,
274,274,1,Jamie Garcia,Male,2025-03-18,2001-06-19,2013-01-09
275,275,1,Jordan Anderson,Female,2020-05-31,1993-02-28,
276,276,1,Reese Williams,Male,2023-07-16,1993-11-28,
277,277,1,Dakota Wilson,Female,2022-11-03,1981-08-22,2014-04-15
278,278,1,Casey Garcia,Male,2023-09-21,1992-04-03,
279,279,1,Avery Miller,Female,2024-12-06,1997-05-05,
280,280,1,Taylor Davis,Female,2024-02-13,2003-04-17,
281,281,1,Jordan Anderson,Female,2020-11-19,1999-04-26,2014-01-18
282,282,1,Jamie Jones,Female,2021-02-24,1983-08-04,
283,283,1,Casey Jones,Female,2024-10-11,1987-06-23,2017-11-19
284,284,1,Parker Smith,Female,2024-11-16,1992-04-25,2011-04-15
285,285,1,Jordan Taylor,Female,2024-01-28,2003-01-06,2025-03-28
286,286,1,Taylor Smith,Male,2024-11-29,1981-07-24,
287,287,1,Morgan Thomas,Female,2024-01-23,1997-03-04,2010-09-23
288,288,1,Skyler Brown,Female,2024-02-28,1996-09-08,
289,289,1,Jordan Moore,Male,2025-12-08,1996-06-17,
290,290,1,Cameron Jones,Male,2021-04-09,1981-02-28,2021-03-12
291,291,1,Jamie Miller,Male,2022-12-08,1991-09-04,2014-10-24
292,292,1,Skyler Jones,Female,2022-03-30,1985-07-02,
293,293,1,Jordan Davis,Male,2024-12-28,1983-12-09,2017-03-03
294,294,1,Cameron Garcia,Male,2023-04-04,1993-06-15,2025-12-19
295,295,1,Quinn White,Male,2024-01-20,2002-10-27,
296,296,1,Morgan Thomas,Male,2022-08-27,2002-02-28,
297,297,1,Jamie Moore,Female,2025-03-29,2004-09-29,
298,298,1,Emerson Johnson,Male,2023-06-20,1997-11-10,2020-09-26
299,299,1,Jamie Miller,Female,2020-10-29,1985-08-15,2024-05-29
300,300,1,Jordan Davis,Female,2025-10-20,1995-06-15,
301,301,1,Dakota Thomas,Male,2021-06-12,1999-05-29,
302,302,1,Dakota Smith,Male,2025-10-23,1986-11-12,
303,303,1,Taylor Garcia,Male,2023-11-18,2003-04-11,2011-10-09
304,304,1,Casey Williams,Female,2021-05-27,1993-08-01,2012-02-05
305,305,1,Jamie Taylor,Male,2021-09-23,1987-09-05,2023-07-29
306,306,1,Avery Jackson,Male,2020-04-26,1983-08-23,
307,307,1,Cameron Thomas,Female,2022-05-13,2005-08-30,
308,308,1,Cameron Smith,Female,2023-04-01,1993-07-20,
309,309,1,Reese Thomas,Female,2023-05-03,2000-05-05,
310,310,1,Alex Brown,Female,2024-08-29,2001-09-20,
311,311,1,Avery Moore,Male,2023-07-04,1994-04-28,2017-09-30
312,312,1,Riley Brown,Female,2025-10-10,2005-03-12,
313,313,1,Morgan Davis,Male,2022-12-31,2000-03-02,
314,314,1,Jordan Smith,Female,2024-04-22,1998-10-03,
315,315,1,Dakota White,Male,2023-09-03,2005-11-29,2014-04-05
316,316,1,Reese Brown,Female,2025-10-09,2000-12-09,
317,317,1,Casey Davis,Male,2021-01-03,1997-08-21,
318,318,1,Morgan Williams,Female,2020-07-18,1982-04-08,
319,319,1,Skyler White,Female,2023-03-16,2004-01-28,
320,320,1,Jordan Miller,Male,2022-12-19,1996-05-28,2018-03-17
321,321,1,Alex Miller,Male,2022-03-08,1996-04-05,
322,322,1,Jordan Miller,Female,2023-02-19,1985-04-30,
323,323,1,Jordan Miller,Female,2023-10-20,2005-01-08,2013-03-27
324,324,1,Morgan Moore,Female,2025-08-10,1981-10-21,
325,325,1,Taylor Anderson,Female,2025-04-24,2003-04-18,
326,326,1,Skyler White,Male,2023-09-05,1994-04-15,
327,327,1,Skyler Anderson,Female,2023-10-09,2002-10-03,2021-12-09
328,328,1,Parker Anderson,Female,2025-04-29,1980-09-29,
329,329,1,Cameron Johnson,Female,2023-06-14,1981-03-12,
330,330,1,Casey Taylor,Male,2020-07-29,2001-07-20,
331,331,1,Cameron Anderson,Female,2021-08-28,1990-11-12,
332,332,1,Quinn Johnson,Male,2020-03-18,1999-10-13,
333,333,1,Taylor Miller,Male,2024-08-07,2002-07-05,2020-07-30
334,334,1,Dakota Jackson,Male,2021-07-19,2003-04-08,
335,335,1,Avery Taylor,Female,2025-11-22,1996-11-25,
336,336,1,Taylor Davis,Female,2023-12-22,1991-11-10,2014-04-25
337,337,1,Morgan Jones,Female,2022-07-10,1993-05-08,2025-10-23
338,338,1,Morgan Anderson,Female,2023-07-22,2001-07-10,
339,339,1,Emerson White,Female,2023-03-24,1985-06-19,
340,340,1,Jamie Miller,Female,2023-11-14,1986-07-27,
341,341,1,Casey Anderson,Male,2023-11-19,1999-11-04,2020-09-29
342,342,1,Morgan Williams,Female,2023-01-17,1986-02-27,
343,1,2,Skyler Williams,Male,2020-07-26,2003-10-27,
344,2,2,Morgan Smith,Male,2024-08-19,1994-10-25,2012-04-03
345,3,2,Cameron Thomas,Male,2020-01-22,2004-09-07,2013-07-17
346,4,2,Riley Taylor,Female,2025-05-09,1988-12-11,2016-06-11
347,5,2,Avery Jones,Male,2021-01-01,2005-10-02,
348,6,2,Quinn Anderson,Male,2021-12-18,1998-09-29,2013-12-11
349,7,2,Emerson White,Male,2024-06-14,2002-03-22,
350,8,2,Quinn Jackson,Female,2020-06-02,1980-05-31,
351,9,2,Skyler Johnson,Female,2023-03-11,2000-05-19,2022-03-09
352,10,2,Jamie Davis,Male,2025-08-27,2000-12-29,
353,11,2,Reese Johnson,Female,2021-10-27,2000-08-01,2014-03-06
354,12,2,Alex Anderson,Female,2023-04-23,2005-06-20,2014-05-02
355,13,2,Taylor Moore,Female,2024-10-17,2003-02-11,
356,14,2,Riley Taylor,Male,2022-01-26,1986-04-22,
357,15,2,Emerson Williams,Male,2022-12-04,1997-03-16,
358,16,2,Reese Jones,Female,2023-05-21,2005-09-12,
359,17,2,Cameron Garcia,Male,2020-09-11,1985-04-20,
360,18,2,Taylor Miller,Female,2021-04-25,1993-03-26,
361,19,2,Morgan Williams,Male,2025-05-12,1986-11-14,
362,20,2,Skyler Garcia,Female,2025-04-12,2004-02-10,2014-11-25
363,21,2,Reese Williams,Male,2025-11-22,2000-01-15,
364,22,2,Avery Johnson,Male,2020-09-09,2004-07-25,2014-07-15
365,23,2,Skyler Wilson,Male,2021-11-04,1994-09-19,2019-11-29
366,24,2,Jordan Taylor,Male,2025-06-25,1984-01-29,2019-12-29
367,25,2,Reese Smith,Female,2021-06-24,2003-01-09,
368,26,2,Skyler Smith,Female,2023-06-16,1980-12-22,
369,27,2,Dakota Smith,Male,2020-10-26,1982-01-12,
370,28,2,Quinn Johnson,Male,2020-10-09,2001-03-05,
371,29,2,Riley Brown,Male,2024-09-17,1996-10-18,2018-07-31
372,30,2,Parker Jackson,Female,2024-03-18,1983-08-07,2024-11-04
373,31,2,Dakota Wilson,Male,2023-11-25,1985-04-27,
374,32,2,Jamie Miller,Male,2022-07-01,1980-02-26,2016-09-10
375,33,2,Parker Taylor,Female,2025-12-18,1997-01-05,2015-07-21
376,34,2,Parker Garcia,Male,2023-02-03,1988-06-15,2012-07-13
377,35,2,Alex Thomas,Female,2020-03-05,1990-10-18,
378,36,2,Jordan Moore,Male,2025-01-02,1982-03-08,
379,37,2,Alex Miller,Female,2022-08-17,2004-03-18,
380,38,2,Dakota Thomas,Male,2021-07-27,2002-08-08,2015-04-03
381,39,2,Dakota White,Female,2023-08-06,1990-08-17,
382,40,2,Taylor Taylor,Male,2024-08-20,1993-06-24,
383,41,2,Jamie Moore,Male,2024-10-15,2004-12-07,
384,42,2,Avery Taylor,Female,2025-11-18,1994-04-19,2019-02-27
385,43,2,Taylor Jones,Female,2022-01-23,2004-02-17,
386,44,2,Dakota Williams,Female,2021-08-14,2000-10-08,2022-08-13
387,45,2,Riley Miller,Male,2024-05-09,1990-11-22,
388,46,2,Avery Taylor,Male,2025-01-16,1996-08-23,
389,47,2,Quinn Jackson,Male,2020-07-30,1992-01-16,
390,48,2,Skyler Moore,Male,2020-10-25,1988-06-09,2023-03-07
391,49,2,Quinn Taylor,Male,2025-05-17,1989-05-15,2017-06-20
392,50,2,Casey White,Male,2022-05-17,1988-07-10,2012-08-19
393,51,2,Quinn Thomas,Female,2022-09-20,1989-03-04,
394,52,2,Morgan Wilson,Female,2023-03-05,1997-01-27,
395,53,2,Cameron Garcia,Female,2022-12-07,1996-02-18,
396,54,2,Parker Davis,Male,2025-04-07,1994-05-13,2018-04-25
397,55,2,Avery Miller,Male,2022-06-25,1986-07-18,
398,56,2,Jamie White,Female,2023-04-24,1986-11-02,
399,57,2,Morgan Miller,Male,2025-08-07,2004-09-12,2025-05-12
400,58,2,Avery Jones,Female,2025-07-02,2000-09-02,
401,59,2,Reese Garcia,Male,2021-07-27,2004-07-07,
402,60,2,Emerson White,Male,2025-11-16,1981-07-08,2011-09-01
403,61,2,Dakota Taylor,Male,2020-01-27,1998-07-01,
404,62,2,Cameron Williams,Male,2021-09-10,1980-05-29,
405,63,2,Parker Garcia,Male,2025-06-02,2001-11-19,
406,64,2,Jamie Wilson,Female,2020-02-18,1980-10-01,
407,65,2,Casey Wilson,Female,2020-03-11,2002-07-12,2025-02-12
408,66,2,Riley Thomas,Male,2021-03-14,1984-04-27,
409,67,2,Morgan Williams,Female,2023-12-22,1991-12-28,2011-10-10
410,68,2,Avery Miller,Female,2022-09-23,1990-02-17,
411,69,2,Dakota Jackson,Male,2020-05-09,1984-03-11,
412,70,2,Riley Wilson,Female,2020-08-17,1980-06-03,2011-11-09
413,71,2,Parker Jackson,Female,2023-09-18,2005-05-19,2012-02-21
414,72,2,Emerson Wilson,Male,2022-07-30,1989-06-25,2025-07-12
415,73,2,Emerson Moore,Female,2023-01-15,1982-02-01,2025-05-08
416,74,2,Emerson Jones,Male,2022-01-04,1994-02-08,
417,75,2,Morgan Moore,Male,2024-06-19,1983-06-14,
418,76,2,Skyler Williams,Female,2023-09-20,1997-03-20,2013-02-20
419,77,2,Reese Anderson,Male,2025-08-13,1995-07-07,
420,78,2,Riley Williams,Male,2023-10-27,1997-10-17,2017-04-27
421,79,2,Alex Taylor,Female,2025-01-19,2002-01-03,
422,80,2,Jamie Miller,Female,2022-01-30,1997-01-18,
423,81,2,Skyler Jones,Male,2020-10-28,1983-09-06,
424,82,2,Riley Anderson,Male,2024-05-14,1994-03-16,
425,83,2,Jordan Smith,Female,2024-12-26,1996-02-22,2012-04-17
426,84,2,Taylor Johnson,Male,2024-10-31,2000-02-18,
427,85,2,Jamie Miller,Male,2020-04-17,1984-01-08,
428,86,2,Jordan Moore,Female,2024-04-26,1980-07-21,
429,87,2,Riley Thomas,Male,2022-09-21,2005-08-27,
430,88,2,Cameron Miller,Male,2021-07-22,1992-01-23,
431,89,2,Parker Brown,Male,2021-11-15,1999-07-01,
432,90,2,Casey Davis,Male,2024-01-19,1991-04-16,2024-01-08
433,91,2,Parker Moore,Male,2025-02-18,1984-10-18,
434,92,2,Alex Miller,Female,2024-04-05,1994-10-13,
435,93,2,Riley Jackson,Male,2023-05-15,1994-05-20,2025-08-05
436,94,2,Morgan Davis,Female,2021-12-28,1997-11-11,2016-07-15
437,95,2,Quinn Anderson,Female,2022-09-19,1994-08-14,
438,96,2,Dakota Thomas,Female,2024-02-04,1985-02-08,2014-06-25
439,97,2,Skyler Wilson,Male,2020-04-20,2000-09-15,2014-09-14
440,98,2,Parker Thomas,Female,2020-10-10,1998-05-09,2013-02-14
441,99,2,Cameron Jones,Male,2022-10-31,1986-11-30,2018-06-16
442,100,2,Jordan Davis,Female,2024-06-29,2003-12-21,
443,101,2,Emerson Jackson,Female,2020-05-30,1996-02-16,2022-01-16
444,102,2,Skyler Taylor,Male,2021-03-23,1991-02-19,2017-12-18
445,103,2,Taylor Taylor,Male,2024-06-24,1994-11-15,2019-08-28
446,104,2,Jordan Smith,Male,2022-11-25,1989-12-16,
447,105,2,Jamie Wilson,Male,2024-12-30,1996-10-12,
448,106,2,Reese Taylor,Male,2023-11-13,1981-02-06,
449,107,2,Casey Miller,Male,2021-04-20,1986-05-10,
450,108,2,Avery Davis,Male,2025-11-04,2001-08-30,
451,109,2,Jordan Davis,Female,2023-07-30,1983-01-05,
452,110,2,Reese Anderson,Male,2020-04-02,1995-05-22,2025-03-10
453,111,2,Reese Brown,Male,2025-10-14,1987-10-29,
454,112,2,Avery Wilson,Female,2025-03-07,1990-05-26,2024-02-15
455,113,2,Taylor Brown,Female,2024-06-08,1981-04-23,2014-06-05
456,114,2,Parker Moore,Female,2024-05-11,1980-03-13,2014-08-13
457,115,2,Casey Thomas,Male,2021-02-20,2004-01-31,
458,116,2,Avery Williams,Female,2021-04-11,1991-10-08,2020-12-23
459,117,2,Jamie Taylor,Female,2024-05-10,1997-08-10,
460,118,2,Avery Garcia,Female,2021-12-07,1993-05-05,2023-03-28
461,119,2,Jordan Taylor,Male,2023-07-06,1985-04-15,
462,120,2,Jordan Brown,Female,2021-08-02,2002-11-30,
463,121,2,Skyler Brown,Female,2024-09-28,1988-05-01,
464,122,2,Jamie Anderson,Male,2021-11-14,2001-12-18,
465,123,2,Taylor Garcia,Female,2020-08-07,1996-02-08,2020-11-13
466,124,2,Taylor Williams,Female,2025-09-01,2002-03-15,
467,125,2,Parker Miller,Female,2025-06-24,1987-07-03,
468,126,2,Alex Thomas,Male,2023-04-11,1981-06-19,
469,127,2,Jamie Jones,Male,2025-02-16,2005-05-16,2021-02-09
470,128,2,Jamie Wilson,Male,2021-04-12,1992-01-07,2018-03-25
471,129,2,Jamie Jackson,Male,2024-12-12,2004-07-04,
472,130,2,Riley Johnson,Male,2023-05-04,1981-06-12,
473,131,2,Avery Jackson,Male,2024-12-03,1985-04-07,2015-04-26
474,132,2,Morgan Thomas,Female,2024-10-19,1987-06-12,2014-08-20
475,133,2,Dakota Williams,Male,2023-12-07,2003-11-16,
476,134,2,Jamie Brown,Female,2023-04-13,1992-12-23,
477,135,2,Dakota Wilson,Male,2021-07-09,1998-06-18,2016-03-21
478,136,2,Dakota Taylor,Male,2021-06-27,1991-03-14,
479,137,2,Avery Jackson,Male,2024-05-27,2001-12-15,
480,138,2,Cameron Jones,Female,2024-03-16,2000-04-10,
481,139,2,Reese White,Male,2024-07-08,2003-02-16,2025-08-01
482,140,2,Emerson White,Female,2025-02-05,2001-11-22,
483,141,2,Alex Jackson,Male,2025-02-20,1996-01-26,2021-12-27
484,142,2,Riley Williams,Female,2022-05-17,2002-03-11,
485,143,2,Dakota Jones,Female,2021-06-18,2005-05-24,2017-09-16
486,144,2,Emerson Taylor,Male,2020-07-07,1984-06-19,2020-04-22
487,145,2,Alex Johnson,Male,2024-12-12,2000-06-23,
488,146,2,Riley Williams,Male,2023-05-21,1987-02-17,2016-02-23
489,147,2,Jordan Taylor,Female,2022-10-22,1983-09-12,
490,148,2,Emerson Taylor,Male,2020-07-31,1997-10-11,2025-09-08
491,149,2,Reese Williams,Female,2021-01-08,1984-04-08,
492,150,2,Parker Johnson,Male,2022-07-15,2003-04-20,2010-03-18
493,151,2,Alex Anderson,Female,2021-05-08,1998-12-11,2020-09-18
494,152,2,Jordan Williams,Female,2020-12-31,1984-08-05,
495,153,2,Avery White,Female,2021-07-15,1997-03-02,2012-12-26
496,154,2,Cameron Taylor,Male,2020-10-07,2003-10-18,
497,155,2,Skyler Taylor,Male,2024-12-07,1995-10-02,2024-02-02
498,156,2,Quinn Brown,Female,2024-12-17,1989-09-29,
499,157,2,Jordan Brown,Male,2024-04-21,1995-10-08,2017-01-20
500,158,2,Reese Brown,Male,2023-02-08,1983-10-12,
501,159,2,Skyler Moore,Female,2020-04-19,1993-07-13,
502,160,2,Skyler Wilson,Male,2024-05-23,1993-04-04,2015-05-15
503,161,2,Parker Miller,Male,2022-09-14,2002-05-30,2011-08-05
504,162,2,Jamie White,Male,2024-01-19,1994-03-13,
505,163,2,Dakota Jackson,Female,2024-02-05,2004-07-04,2020-07-25
506,164,2,Reese Johnson,Male,2020-10-03,1980-08-13,
507,165,2,Alex White,Male,2024-06-18,2002-09-22,
508,166,2,Quinn Wilson,Female,2024-09-30,1998-01-16,
509,167,2,Jamie Wilson,Male,2023-02-10,1983-10-01,
510,168,2,Jamie White,Male,2021-09-28,2004-01-23,
511,169,2,Skyler Taylor,Male,2023-06-24,1999-08-16,2015-05-09
512,170,2,Alex Williams,Male,2024-11-14,1985-03-15,
513,171,2,Skyler Smith,Female,2021-12-20,1985-05-10,
514,172,2,Taylor Anderson,Male,2021-11-02,2002-04-08,2021-09-24
515,173,2,Jamie Thomas,Female,2021-11-14,1996-09-05,
516,174,2,Reese Jackson,Female,2021-04-28,1981-04-25,
517,175,2,Riley Jones,Male,2022-12-13,2005-11-12,2021-02-16
518,176,2,Parker Wilson,Female,2020-08-15,2002-05-30,2013-09-29
519,177,2,Avery Brown,Female,2021-02-25,2005-09-28,2012-08-02
520,178,2,Morgan Anderson,Male,2020-06-29,1980-07-20,
521,179,2,Parker Garcia,Female,2021-09-06,1988-01-11,2010-10-17
522,180,2,Jamie Thomas,Female,2022-07-08,1994-06-08,
523,181,2,Emerson Anderson,Female,2023-01-16,1983-06-30,
524,182,2,Jordan Wilson,Male,2022-01-04,1990-01-04,2011-01-12
525,183,2,Riley Johnson,Female,2023-03-02,1993-12-08,
526,184,2,Jamie Davis,Male,2024-02-20,1988-12-31,
527,185,2,Reese Jones,Male,2025-03-15,1996-07-08,
528,186,2,Parker Thomas,Male,2022-10-01,1986-10-02,
529,187,2,Riley Smith,Male,2023-11-19,1980-06-06,2010-01-12
530,188,2,Reese Taylor,Female,2023-06-13,1984-08-30,
531,189,2,Morgan Miller,Female,2020-09-02,1986-05-21,2012-02-02
532,190,2,Alex White,Male,2025-10-29,1998-07-12,2018-05-10
533,191,2,Parker Anderson,Male,2021-01-26,2002-09-02,
534,192,2,Dakota Miller,Male,2020-09-12,1999-07-06,2012-12-06
535,193,2,Morgan Jones,Female,2023-07-14,1997-08-17,2017-04-26
536,194,2,Avery Davis,Female,2022-08-14,1983-05-08,2013-01-20
537,195,2,Reese Thomas,Male,2021-09-28,1984-09-27,
538,196,2,Parker Garcia,Female,2021-05-09,2004-01-15,
539,197,2,Reese Williams,Female,2023-06-16,2000-10-13,
540,198,2,Jordan Johnson,Male,2023-05-31,1981-10-22,
541,199,2,Dakota Garcia,Male,2021-01-08,1991-02-18,2018-11-21
542,200,2,Jamie Smith,Female,2022-12-01,1987-10-19,
543,201,2,Riley Jackson,Female,2022-10-20,1984-03-31,
544,202,2,Reese Thomas,Male,2021-05-12,1980-07-14,
545,203,2,Reese Williams,Male,2022-03-22,1997-12-20,
546,204,2,Cameron Taylor,Male,2022-11-26,1983-05-13,
547,205,2,Jordan Williams,Female,2021-06-11,1984-02-15,2017-06-09
548,206,2,Jordan Smith,Female,2020-07-26,1987-07-15,2019-09-19
549,207,2,Dakota Anderson,Female,2025-07-25,1981-04-28,
550,208,2,Riley Brown,Female,2022-05-29,1988-05-24,
551,209,2,Parker White,Male,2020-05-21,1991-01-09,2021-03-10
552,210,2,Riley White,Female,2020-09-06,1983-12-08,
553,211,2,Taylor Miller,Male,2025-11-23,1991-03-06,2022-03-12
554,212,2,Reese Smith,Female,2024-01-10,2001-07-08,
555,213,2,Parker Garcia,Female,2024-05-09,1992-02-17,
556,214,2,Avery Moore,Male,2020-04-30,1992-08-07,
557,215,2,Parker Wilson,Female,2022-08-11,1987-02-28,
558,216,2,Cameron Williams,Female,2025-12-25,1982-07-05,2014-12-03
559,217,2,Skyler Jackson,Female,2023-12-24,1987-10-17,
560,218,2,Skyler Garcia,Female,2020-04-25,1995-10-10,2022-08-23
561,219,2,Taylor Moore,Male,2025-07-09,2004-04-26,
562,220,2,Parker Smith,Male,2020-08-18,1990-06-08,2010-06-13
563,221,2,Jamie Davis,Male,2023-09-20,1989-01-13,2017-08-23
564,222,2,Quinn Brown,Female,2020-08-31,1980-12-25,
565,223,2,Quinn White,Male,2021-03-30,2003-08-10,2011-08-18
566,224,2,Avery Anderson,Female,2021-02-17,1995-02-05,
567,225,2,Taylor Brown,Female,2025-06-18,1994-03-26,
568,226,2,Jamie Anderson,Female,2022-07-03,1987-11-12,
569,227,2,Quinn Anderson,Female,2021-06-05,1987-12-21,2025-09-29
570,228,2,Skyler Miller,Male,2022-01-15,1994-04-10,2023-09-18
571,229,2,Morgan Taylor,Male,2025-07-25,1986-04-23,
572,230,2,Jordan Williams,Female,2023-08-01,1987-07-13,2011-12-28
573,231,2,Dakota Anderson,Female,2025-01-03,1980-07-05,
574,232,2,Morgan Anderson,Male,2023-12-06,1991-07-07,2010-01-11
575,233,2,Alex Miller,Female,2024-09-14,1987-06-18,2021-01-22
576,234,2,Emerson Miller,Female,2024-03-17,1984-07-19,2022-12-19
577,235,2,Cameron Thomas,Male,2021-10-28,2000-03-29,
578,236,2,Dakota Smith,Female,2020-03-23,1994-04-18,
579,237,2,Jordan Johnson,Female,2021-11-27,1996-11-03,
580,238,2,Jordan Wilson,Male,2023-10-16,2001-08-27,2019-09-04
581,239,2,Cameron Brown,Female,2021-10-05,1982-05-27,
582,240,2,Morgan Williams,Female,2022-12-22,1992-08-17,
583,241,2,Jordan Smith,Female,2025-07-03,1986-11-21,
584,242,2,Alex Miller,Male,2023-04-21,2001-07-18,
585,243,2,Alex Williams,Male,2023-04-10,1983-09-04,
586,244,2,Jordan Jones,Female,2025-04-12,2001-12-09,2015-12-11
587,245,2,Jordan Taylor,Female,2022-01-27,1996-08-22,2018-04-15
588,246,2,Taylor Davis,Male,2022-12-14,1999-09-22,
589,247,2,Morgan Jackson,Female,2020-09-09,1986-10-12,2024-12-20
590,248,2,Jordan Johnson,Female,2024-08-22,1990-03-16,
591,249,2,Dakota Miller,Female,2025-04-28,2005-09-09,2020-09-06
592,250,2,Casey Johnson,Female,2020-05-22,2002-07-10,
593,251,2,Jamie Thomas,Male,2021-05-07,2000-02-22,
594,252,2,Taylor Williams,Male,2021-05-31,1981-11-30,
595,253,2,Cameron Miller,Male,2021-08-28,1991-07-27,
596,254,2,Quinn White,Male,2020-12-22,1997-05-29,
597,255,2,Jamie Garcia,Female,2025-10-29,2000-07-20,2010-04-12
598,256,2,Reese Anderson,Female,2021-04-05,1998-08-04,
599,257,2,Skyler Moore,Male,2021-03-08,2005-03-29,2016-06-01
600,258,2,Dakota Wilson,Female,2024-08-10,1991-11-06,
601,259,2,Parker Moore,Female,2020-06-02,1987-09-22,
602,260,2,Taylor Moore,Female,2020-06-07,1997-10-02,2017-06-08
603,261,2,Quinn Williams,Male,2025-04-30,1992-01-18,2010-06-15
604,262,2,Avery Jackson,Female,2023-06-27,1992-07-29,2025-08-13
605,263,2,Cameron Johnson,Male,2021-07-04,1993-06-24,2019-12-09
606,264,2,Reese Jackson,Female,2023-01-08,1998-09-11,2012-01-02
607,265,2,Morgan Davis,Male,2024-07-25,2001-09-24,2018-05-22
608,266,2,Dakota Smith,Male,2020-09-25,1993-12-15,2019-01-18
609,267,2,Taylor Thomas,Male,2021-12-12,1988-08-24,2014-07-03
610,268,2,Dakota Smith,Male,2020-05-15,2000-06-22,
611,269,2,Avery Anderson,Male,2023-01-27,1996-07-10,2021-04-30
612,270,2,Riley Taylor,Male,2020-05-05,1990-11-07,
613,271,2,Skyler Davis,Male,2025-04-27,2004-09-24,
614,272,2,Taylor Jackson,Female,2021-01-05,1992-10-14,
615,273,2,Alex Brown,Male,2022-06-25,1990-02-05,2016-01-14
616,274,2,Cameron Miller,Male,2020-02-06,2001-04-07,2024-07-09
617,275,2,Taylor Moore,Male,2022-07-05,1991-04-28,2016-11-07
618,276,2,Quinn Anderson,Female,2024-10-01,1996-11-20,2020-04-18
619,277,2,Casey Williams,Female,2023-05-22,2003-05-10,2018-11-28
620,278,2,Skyler Johnson,Male,2025-09-26,1996-10-14,
621,279,2,Skyler Moore,Female,2023-05-07,1984-11-06,
622,280,2,Avery Jones,Female,2023-02-08,1991-09-18,2024-08-11
623,281,2,Casey Williams,Male,2025-10-19,1990-10-12,2023-06-17
624,282,2,Riley Taylor,Female,2021-07-27,1981-02-21,2016-08-18
625,283,2,Casey White,Female,2024-07-15,1997-06-01,2023-01-29
626,284,2,Quinn Moore,Male,2023-11-06,1989-12-22,2024-04-26
627,285,2,Reese Davis,Female,2025-09-08,1993-06-19,2024-10-01
628,286,2,Emerson Wilson,Male,2023-04-18,1984-05-18,
629,287,2,Quinn Jones,Male,2023-10-06,1984-01-03,
630,288,2,Morgan Anderson,Female,2024-09-18,1994-11-11,
631,289,2,Skyler Jones,Female,2021-04-27,2001-02-08,
632,290,2,Cameron Moore,Male,2025-04-18,1988-09-22,
633,291,2,Dakota Taylor,Female,2025-12-10,1993-05-20,
634,292,2,Dakota Jackson,Male,2021-07-16,1988-12-25,
635,293,2,Skyler White,Female,2021-08-09,1994-03-11,2014-01-17
636,294,2,Reese Johnson,Female,2023-09-24,1987-12-07,
637,295,2,Alex Smith,Female,2023-01-25,1989-05-23,2013-10-13
638,296,2,Skyler Thomas,Male,2025-06-28,1983-12-13,
639,297,2,Riley Taylor,Female,2024-07-10,1999-03-31,2018-08-07
640,298,2,Alex Smith,Male,2024-03-08,1980-08-18,2021-11-29
641,299,2,Morgan Smith,Male,2022-10-16,1990-02-24,2017-09-21
642,300,2,Casey Brown,Male,2024-04-20,2002-07-30,
643,301,2,Taylor Johnson,Male,2023-05-06,1993-01-16,
644,302,2,Jamie Moore,Female,2024-11-11,1986-01-01,
645,303,2,Emerson Davis,Female,2022-02-10,1987-05-25,2019-01-18
646,304,2,Alex Williams,Male,2021-06-21,1989-06-22,2023-03-24
647,305,2,Jamie Brown,Male,2024-02-10,1981-09-04,
648,306,2,Cameron Jones,Male,2020-07-15,1984-11-06,2010-06-11
649,307,2,Alex Anderson,Male,2024-09-03,1999-12-06,
650,308,2,Jamie Jones,Female,2021-09-19,1989-03-20,2024-02-20
651,309,2,Alex Jones,Female,2021-02-17,2003-05-04,
652,310,2,Skyler Anderson,Male,2024-09-11,1984-09-14,
653,311,2,Skyler Johnson,Female,2021-04-11,1984-10-07,
654,312,2,Skyler Williams,Female,2025-11-12,1989-01-17,
655,313,2,Riley Jones,Male,2020-06-10,2004-08-02,
656,314,2,Morgan Anderson,Female,2023-09-16,1990-07-09,
657,315,2,Cameron Johnson,Male,2025-07-16,1986-09-09,2021-06-23
658,316,2,Jordan Anderson,Male,2022-11-14,1990-05-15,
659,317,2,Casey Jones,Female,2020-07-24,1984-06-23,2010-11-20
660,318,2,Dakota Jones,Female,2023-07-04,1999-02-09,2012-02-18
661,319,2,Dakota Thomas,Male,2020-02-09,1986-03-17,2013-10-28
662,320,2,Avery Garcia,Female,2023-01-03,1984-03-02,
663,321,2,Avery Brown,Male,2024-06-29,1997-12-14,2016-02-05
664,322,2,Dakota Miller,Female,2024-09-23,1987-06-25,
665,323,2,Quinn Anderson,Male,2021-10-14,1984-08-26,
666,324,2,Skyler Davis,Female,2022-01-12,1997-01-12,2023-09-18
667,325,2,Alex Jackson,Male,2025-06-01,2001-11-23,
668,326,2,Riley Davis,Male,2020-09-16,1991-09-26,2010-04-12
669,327,2,Quinn Jackson,Male,2023-10-17,2003-04-14,
670,328,2,Quinn Moore,Male,2024-11-07,1991-02-24,
671,329,2,Cameron Taylor,Female,2021-08-31,2005-01-16,2023-09-30
672,330,2,Alex Smith,Male,2025-09-01,2001-01-18,2013-09-16
673,331,2,Jordan Thomas,Female,2023-08-06,1990-10-21,
674,332,2,Casey Smith,Male,2024-03-30,1998-02-02,2011-10-08
675,333,2,Parker Davis,Female,2020-12-26,2002-05-11,
676,334,2,Jordan Davis,Male,2021-02-24,1998-02-04,
677,335,2,Jamie Wilson,Male,2021-01-07,1993-08-30,2022-08-12
678,336,2,Morgan Taylor,Female,2023-10-28,1996-04-19,2015-01-01
679,337,2,Dakota Davis,Female,2025-04-21,1996-04-18,2012-07-23
680,338,2,Jordan Thomas,Male,2020-01-09,1995-04-24,
681,339,2,Cameron Thomas,Female,2025-11-08,1996-10-08,2011-01-11
682,340,2,Emerson Brown,Female,2021-07-29,1998-05-10,
683,341,2,Skyler Williams,Male,2021-05-09,1997-08-16,
684,342,2,Dakota Thomas,Male,2023-10-16,1984-10-31,2011-01-16
685,343,2,Emerson Taylor,Male,2025-01-19,2000-07-07,2021-04-23
686,344,2,Taylor Davis,Male,2025-12-12,1982-03-06,
687,345,2,Riley Jackson,Female,2025-09-13,1987-12-13,2013-11-23
688,346,2,Quinn Jackson,Male,2021-02-28,1997-05-18,2023-08-06
689,347,2,Emerson Garcia,Female,2024-09-10,1991-02-19,
690,348,2,Avery Jones,Female,2021-06-30,1986-03-13,
691,349,2,Quinn White,Female,2023-07-09,2004-10-30,2014-07-04
692,350,2,Morgan Moore,Female,2023-11-15,1985-12-13,2024-07-31
693,351,2,Taylor Wilson,Female,2021-04-17,1995-10-20,
694,352,2,Skyler Moore,Female,2025-12-26,1992-10-28,2019-06-23
695,353,2,Reese Smith,Male,2020-04-13,1997-01-31,
696,354,2,Cameron Smith,Male,2022-12-29,1987-03-21,2025-04-30
697,355,2,Casey Brown,Male,2023-04-23,1989-02-24,2010-09-22
698,356,2,Avery Jackson,Female,2021-02-23,2005-03-15,2024-07-07
699,357,2,Jamie Miller,Male,2025-09-23,1992-11-25,2011-01-20
700,358,2,Emerson Miller,Female,2024-09-02,1994-01-09,2011-03-17
701,359,2,Alex Anderson,Female,2022-04-11,1999-11-16,2024-03-19
702,360,2,Quinn Anderson,Female,2022-03-15,1988-09-05,
703,361,2,Taylor Taylor,Male,2022-02-04,1987-10-18,2012-09-04
704,362,2,Riley Smith,Female,2023-02-17,2004-12-19,
705,363,2,Taylor Moore,Female,2020-01-24,1994-10-29,
706,364,2,Emerson Brown,Male,2021-09-21,1994-06-21,
707,365,2,Reese White,Female,2025-07-02,2005-09-08,
708,366,2,Jordan Thomas,Female,2025-11-22,1989-11-12,2021-09-04
709,367,2,Jordan Thomas,Male,2024-08-30,2004-05-11,
710,368,2,Jordan Garcia,Male,2022-05-23,1994-11-20,
711,369,2,Casey Williams,Female,2020-02-06,1985-02-22,2019-12-30
712,370,2,Morgan White,Male,2020-06-12,1994-05-25,
713,371,2,Reese Johnson,Female,2022-11-16,2004-03-26,2010-07-22
714,372,2,Emerson Wilson,Female,2025-10-07,2002-10-27,
715,373,2,Alex Jones,Male,2023-08-05,2003-01-19,
716,374,2,Jordan Brown,Male,2020-09-25,1989-06-15,2014-10-13
717,375,2,Dakota Taylor,Female,2021-03-01,1989-03-22,
718,376,2,Quinn White,Female,2020-10-22,1986-11-24,
719,377,2,Quinn Garcia,Male,2020-12-24,1983-04-15,
720,378,2,Reese Jones,Male,2022-07-21,1991-08-08,
721,379,2,Parker Taylor,Female,2024-11-08,1994-03-11,
722,380,2,Cameron Johnson,Male,2020-09-16,1982-01-15,2011-08-18
723,381,2,Avery White,Male,2023-04-02,1993-07-08,2016-04-25
724,382,2,Reese White,Female,2024-04-11,1997-09-21,2010-09-10
725,383,2,Parker Brown,Male,2021-07-12,1997-07-16,2022-03-29
726,384,2,Casey Taylor,Male,2023-05-05,1996-09-26,2010-04-02
727,385,2,Jamie Jackson,Male,2021-05-19,1981-11-15,
728,386,2,Skyler Miller,Male,2023-06-02,1989-06-03,2017-09-17
729,387,2,Morgan Miller,Male,2021-10-21,1988-04-02,
730,388,2,Dakota Jones,Male,2021-04-14,1988-02-19,2022-09-22
731,389,2,Dakota Smith,Female,2020-10-26,1993-01-14,2015-08-16
732,390,2,Jordan Williams,Female,2023-09-17,1996-01-08,
733,391,2,Cameron Williams,Male,2023-03-13,1983-02-17,2017-02-16
734,392,2,Parker Davis,Female,2023-06-06,1986-11-01,
735,393,2,Avery Thomas,Female,2024-10-20,1987-07-25,
736,394,2,Morgan Thomas,Male,2024-11-21,1992-05-30,2013-01-05
737,1,3,Quinn Garcia,Female,2025-03-10,1999-12-23,
738,2,3,Casey Davis,Male,2021-12-20,1983-09-05,2013-02-20
739,3,3,Emerson Wilson,Male,2022-12-14,1983-06-06,2010-06-02
740,4,3,Dakota Wilson,Male,2024-07-17,1989-07-17,2022-05-16
741,5,3,Casey Wilson,Female,2021-08-31,1996-05-29,
742,6,3,Emerson Thomas,Female,2021-07-02,2000-11-04,
743,7,3,Jordan Miller,Female,2025-08-18,1980-06-22,2023-10-10
744,8,3,Cameron Brown,Male,2025-01-01,1987-02-21,
745,9,3,Skyler Taylor,Male,2025-06-03,1996-02-04,
746,10,3,Reese Davis,Male,2020-09-14,1991-11-10,
747,11,3,Alex Taylor,Male,2025-10-22,1996-03-15,
748,12,3,Emerson Davis,Male,2020-06-12,1994-07-15,
749,13,3,Jamie Taylor,Female,2022-12-14,2005-12-15,
750,14,3,Taylor Miller,Female,2024-02-05,1983-06-29,
751,15,3,Riley White,Male,2025-10-16,1998-03-16,
752,16,3,Dakota Garcia,Female,2025-05-28,1980-04-18,
753,17,3,Taylor Davis,Male,2022-07-31,1983-06-17,
754,18,3,Casey Williams,Male,2022-02-04,1987-01-22,
755,19,3,Quinn Jackson,Male,2022-08-01,1998-08-07,2012-07-17
756,20,3,Parker Taylor,Female,2025-05-16,1989-06-14,
757,21,3,Cameron Jackson,Female,2020-04-01,1990-12-06,
758,22,3,Skyler Moore,Male,2021-07-05,2002-12-30,
759,23,3,Skyler Brown,Male,2021-11-12,1991-08-02,2021-08-03
760,24,3,Riley Moore,Male,2023-03-07,1983-11-05,
761,25,3,Skyler Davis,Female,2021-11-29,1989-11-03,2023-06-24
762,26,3,Taylor Thomas,Male,2025-09-23,1991-11-12,
763,27,3,Cameron Garcia,Female,2020-10-08,1990-04-23,
764,28,3,Taylor Johnson,Male,2022-04-08,2003-06-13,2021-04-24
765,29,3,Cameron Miller,Male,2021-01-29,1987-12-16,
766,30,3,Skyler Moore,Male,2025-12-16,2002-07-30,2012-02-03
767,31,3,Parker Taylor,Male,2020-01-05,1999-05-10,
768,32,3,Avery Jackson,Male,2025-12-10,1999-03-30,
769,33,3,Reese Davis,Female,2023-12-06,2005-11-04,
770,34,3,Taylor Jones,Female,2022-08-10,1983-10-05,
771,35,3,Emerson Wilson,Female,2022-11-21,1988-06-23,
772,36,3,Quinn Thomas,Male,2025-11-10,1985-04-14,
773,37,3,Riley Taylor,Male,2023-07-17,1998-05-04,
774,38,3,Taylor Miller,Female,2022-12-06,2004-01-18,
775,39,3,Avery Moore,Female,2024-06-15,1989-02-19,
776,40,3,Reese Wilson,Female,2022-01-02,1996-08-09,
777,41,3,Parker Jones,Female,2023-11-11,1997-11-09,2024-10-14
778,42,3,Jordan Anderson,Male,2025-01-03,1987-04-04,
779,43,3,Jamie Miller,Female,2020-08-01,1987-03-18,
780,44,3,Cameron Smith,Male,2021-08-18,2001-02-26,2019-10-07
781,45,3,Jordan Johnson,Female,2022-06-27,1996-08-19,
782,46,3,Alex Anderson,Female,2024-06-29,2003-05-16,
783,47,3,Skyler Smith,Male,2025-07-17,1999-09-10,
784,48,3,Dakota Taylor,Female,2022-03-08,1981-07-04,2021-06-14
785,49,3,Jamie Anderson,Male,2021-11-25,1981-08-13,
786,50,3,Cameron Smith,Male,2020-12-21,1992-05-17,2017-12-02
787,51,3,Cameron Miller,Female,2022-03-31,2003-03-23,
788,52,3,Quinn Johnson,Male,2023-03-11,2005-01-29,2017-10-22
789,53,3,Avery Jackson,Female,2022-07-15,1988-09-22,
790,54,3,Riley Moore,Male,2022-12-05,1987-11-07,
791,55,3,Jordan Wilson,Male,2025-08-22,1993-03-14,
792,56,3,Jordan Thomas,Female,2022-10-21,1999-11-11,2022-08-19
793,57,3,Parker Thomas,Male,2023-10-23,2000-07-31,2023-03-01
794,58,3,Dakota Smith,Female,2021-04-21,1991-07-26,
795,59,3,Cameron Thomas,Male,2022-07-30,1994-02-28,
796,60,3,Avery Wilson,Male,2022-12-14,1991-02-19,
797,61,3,Riley Taylor,Female,2020-11-07,2004-11-15,2020-09-08
798,62,3,Avery Garcia,Male,2023-01-07,1988-03-13,2025-04-28
799,63,3,Emerson White,Male,2025-08-05,1988-12-15,
800,64,3,Morgan Jackson,Female,2022-04-26,1990-04-13,
801,65,3,Morgan Jackson,Female,2021-09-30,1984-10-13,
802,66,3,Jordan Taylor,Female,2020-01-28,2004-04-15,2020-10-25
803,67,3,Avery Moore,Female,2025-07-09,2005-10-08,2021-01-03
804,68,3,Taylor Thomas,Female,2024-06-17,1989-12-17,2012-11-16
805,69,3,Alex Wilson,Female,2025-05-13,2004-04-03,
806,70,3,Avery Miller,Male,2025-02-15,1985-05-26,2020-04-26
807,71,3,Avery Anderson,Male,2020-02-18,1989-06-14,
808,72,3,Jordan Garcia,Female,2022-11-29,1988-05-24,
809,73,3,Morgan Jones,Female,2023-11-06,1996-05-31,
810,74,3,Riley Williams,Female,2024-03-04,1996-05-17,2016-04-09
811,75,3,Parker Brown,Male,2022-07-25,1984-06-24,2015-04-16
812,76,3,Jamie Miller,Female,2022-03-14,1986-07-17,2013-05-10
813,77,3,Parker Thomas,Male,2021-12-24,1998-11-28,
814,78,3,Emerson Jackson,Female,2025-06-16,1993-06-16,
815,79,3,Dakota Moore,Male,2024-06-19,1984-06-09,2011-05-07
816,80,3,Morgan Jackson,Female,2025-05-05,1984-04-26,
817,81,3,Avery Jones,Female,2024-01-15,2005-02-18,
818,82,3,Reese Jones,Female,2020-03-22,1998-06-21,
819,83,3,Dakota Taylor,Male,2021-12-15,1992-10-07,
820,84,3,Cameron Wilson,Female,2025-01-04,1983-07-08,
821,85,3,Casey Davis,Male,2021-11-17,1995-02-18,
822,86,3,Skyler Moore,Female,2020-10-19,1983-07-20,
823,87,3,Morgan Garcia,Female,2023-04-08,1991-12-31,2018-11-14
824,88,3,Casey White,Female,2024-01-27,2003-05-15,2019-04-15
825,89,3,Taylor Brown,Male,2021-05-27,1990-07-11,2025-09-19
826,90,3,Quinn Johnson,Male,2021-11-14,1997-10-23,
827,91,3,Jordan White,Female,2020-08-08,1981-03-07,2021-10-02
828,92,3,Reese Johnson,Male,2022-12-11,1986-12-19,
829,93,3,Emerson White,Female,2023-06-21,1990-04-15,
830,94,3,Casey Davis,Male,2021-06-21,2003-08-18,2010-08-23
831,95,3,Alex Taylor,Female,2023-08-25,2001-05-11,
832,96,3,Dakota Wilson,Female,2024-12-27,1986-01-22,2025-08-24
833,97,3,Jamie Brown,Female,2024-11-16,2003-06-25,2021-12-21
834,98,3,Casey White,Female,2025-05-26,2004-03-16,
835,99,3,Jordan Davis,Female,2024-02-07,1998-06-28,
836,100,3,Casey Smith,Male,2025-11-13,1986-02-11,
837,101,3,Parker Wilson,Male,2025-07-07,2001-05-26,
838,102,3,Reese Miller,Female,2022-08-05,1980-04-28,
839,103,3,Morgan Miller,Female,2024-06-04,1991-03-18,
840,104,3,Quinn Taylor,Female,2024-03-29,1989-11-23,
841,105,3,Riley Taylor,Male,2025-10-17,1992-03-12,
842,106,3,Quinn Wilson,Female,2024-08-18,1988-06-07,2014-02-03
843,107,3,Taylor Jones,Male,2025-02-08,2000-04-23,
844,108,3,Skyler Davis,Male,2023-08-06,1980-11-13,
845,109,3,Jamie Smith,Male,2021-02-22,1992-08-27,
846,110,3,Quinn Davis,Male,2022-08-11,1984-01-17,
847,111,3,Parker Williams,Female,2024-09-17,1993-12-22,2021-03-06
848,112,3,Avery Davis,Male,2023-09-14,1983-08-07,2013-04-11
849,113,3,Alex Jones,Female,2020-10-19,2004-05-13,
850,114,3,Morgan White,Female,2024-04-11,1980-07-25,
851,115,3,Reese Anderson,Male,2024-04-25,1999-11-14,
852,116,3,Alex Williams,Female,2021-01-19,2003-05-18,2014-09-04
853,117,3,Parker Miller,Female,2023-08-16,1987-02-11,2010-12-12
854,118,3,Quinn White,Male,2022-11-03,2001-08-02,2014-06-16
855,119,3,Avery White,Male,2022-06-11,1985-01-24,
856,120,3,Riley Garcia,Male,2021-11-16,1992-05-20,
857,121,3,Riley Thomas,Male,2020-02-06,1981-11-19,
858,122,3,Quinn Davis,Male,2024-03-01,1984-01-06,
859,123,3,Parker Johnson,Female,2020-09-02,1982-09-06,
860,124,3,Taylor Anderson,Male,2021-05-30,2001-11-18,
861,125,3,Jamie Thomas,Female,2024-12-01,1988-08-27,
862,126,3,Riley Garcia,Male,2022-10-23,1981-10-08,
863,127,3,Parker Wilson,Female,2025-06-30,1988-07-06,
864,128,3,Jamie Garcia,Female,2025-04-02,1992-05-07,2023-06-06
865,129,3,Emerson Jackson,Male,2020-10-09,2003-10-29,
866,130,3,Casey Jackson,Female,2024-02-12,2000-05-14,
867,131,3,Cameron Wilson,Female,2022-01-29,1980-11-02,2018-03-02
868,132,3,Reese Moore,Male,2023-08-06,1982-11-03,2022-02-02
869,133,3,Dakota Miller,Male,2025-11-16,2002-04-26,2013-06-16
870,134,3,Skyler Jones,Female,2024-08-05,1994-06-12,
871,135,3,Jamie Taylor,Male,2020-06-28,1985-10-27,
872,136,3,Alex Williams,Male,2025-06-11,1988-08-05,
873,137,3,Skyler Taylor,Female,2025-06-29,2003-08-03,2023-03-29
874,138,3,Casey Smith,Female,2022-06-23,1983-03-07,
875,139,3,Emerson Williams,Female,2020-11-23,2000-12-29,2011-05-13
876,140,3,Avery Wilson,Female,2024-02-20,1982-08-13,2015-12-18
877,141,3,Jamie Smith,Male,2023-05-29,1983-06-30,2021-08-26
878,142,3,Jordan Johnson,Male,2025-12-17,1997-04-14,
879,143,3,Jamie Taylor,Male,2022-01-02,2005-01-18,2019-04-25
880,144,3,Quinn Johnson,Female,2025-02-21,1999-02-27,2013-09-28
881,145,3,Reese Brown,Female,2025-08-29,1995-02-20,2021-12-22
882,146,3,Skyler Davis,Female,2023-07-14,2004-09-03,2017-04-13
883,147,3,Dakota Garcia,Female,2024-10-29,1994-07-05,2022-08-19
884,148,3,Jamie Williams,Female,2022-11-06,1996-02-24,2020-01-14
885,149,3,Riley Smith,Male,2023-03-11,1980-09-24,
886,150,3,Emerson Jones,Male,2023-05-15,1989-12-14,
887,151,3,Avery Smith,Female,2025-09-25,2004-12-14,
888,152,3,Skyler Brown,Male,2020-06-03,2000-08-25,
889,153,3,Taylor Jones,Female,2022-10-20,1990-06-14,
890,154,3,Casey Johnson,Female,2022-06-09,1983-06-18,2020-10-27
891,155,3,Taylor Davis,Male,2023-05-15,1981-09-04,2022-12-04
892,156,3,Riley Johnson,Male,2023-10-01,1995-08-10,2019-09-28
893,157,3,Riley White,Male,2022-07-17,1980-07-06,2024-03-06
894,158,3,Riley Smith,Female,2025-11-17,1981-11-05,
895,159,3,Skyler Brown,Female,2025-08-19,1989-11-26,
896,160,3,Cameron Anderson,Female,2024-12-30,2005-10-20,
897,161,3,Morgan Miller,Female,2024-06-03,1986-08-22,
898,162,3,Jordan Davis,Male,2024-06-23,1991-10-11,
899,163,3,Jamie Miller,Male,2021-07-06,2001-07-28,
900,164,3,Parker Miller,Male,2025-11-17,1991-01-17,
901,165,3,Casey Thomas,Female,2023-08-17,2005-11-02,
902,166,3,Cameron Miller,Female,2024-02-05,1995-08-16,
903,167,3,Avery Moore,Male,2023-06-02,1987-08-05,2023-10-28
904,168,3,Dakota Thomas,Female,2021-08-20,1999-10-04,
905,169,3,Dakota Williams,Male,2024-03-11,1986-12-30,2011-12-04
906,170,3,Jordan Anderson,Male,2022-09-22,1986-08-16,2016-06-14
907,171,3,Alex Garcia,Male,2023-06-03,2000-03-09,
908,172,3,Avery Williams,Male,2022-04-14,2004-07-05,
909,173,3,Casey Wilson,Female,2021-08-01,1980-10-28,
910,174,3,Emerson Taylor,Male,2022-11-12,1987-08-22,
911,175,3,Morgan Thomas,Female,2020-08-05,2000-11-08,2010-03-10
912,176,3,Jordan Miller,Female,2024-01-15,1984-11-02,
913,177,3,Dakota White,Female,2022-08-04,1997-01-28,
914,178,3,Quinn Johnson,Female,2025-06-08,2003-11-05,
915,179,3,Morgan Wilson,Female,2020-03-29,1981-10-13,
916,180,3,Jamie Jones,Female,2025-06-29,1997-08-24,2010-05-31
917,181,3,Avery Taylor,Female,2023-12-26,1993-07-24,
918,182,3,Jamie Jones,Male,2022-11-21,1997-05-14,2010-08-30
919,183,3,Jamie Jones,Male,2021-09-13,1995-05-01,2024-09-25
920,184,3,Taylor Johnson,Female,2025-11-02,1990-03-15,
921,185,3,Skyler Brown,Female,2023-07-03,1994-10-09,
922,186,3,Taylor Williams,Male,2022-04-08,1986-03-12,
923,187,3,Quinn White,Male,2024-10-27,1986-07-06,2022-09-02
924,188,3,Emerson Brown,Female,2020-10-04,2004-12-31,
925,189,3,Quinn Johnson,Male,2023-07-24,1986-07-12,2017-02-23
926,190,3,Emerson Miller,Female,2023-05-27,1999-11-15,2024-04-14
927,191,3,Emerson Anderson,Female,2021-09-14,1988-06-06,
928,192,3,Taylor Smith,Female,2022-08-03,1990-06-01,
929,193,3,Alex Garcia,Male,2025-05-06,1986-01-05,
930,194,3,Skyler Davis,Female,2022-01-23,1997-05-19,
931,195,3,Taylor Brown,Male,2022-07-15,1981-06-12,
932,196,3,Alex White,Female,2024-08-18,1989-12-25,2014-07-20
933,197,3,Reese Williams,Male,2021-12-26,1999-09-15,2020-12-27
934,198,3,Quinn Garcia,Female,2022-10-07,1999-03-07,
935,199,3,Alex Moore,Female,2023-07-05,1997-09-05,2022-10-30
936,200,3,Skyler Wilson,Male,2025-11-02,1984-11-26,
937,201,3,Dakota White,Male,2022-10-03,2003-04-08,
938,202,3,Quinn Smith,Female,2025-10-15,1982-03-18,
939,203,3,Parker Miller,Female,2023-03-17,2000-09-10,
940,204,3,Casey Moore,Male,2025-10-18,1986-05-19,
941,205,3,Cameron Davis,Male,2025-08-12,1985-01-28,
942,206,3,Skyler White,Male,2024-05-29,1998-07-20,
943,207,3,Alex Brown,Female,2022-04-07,2000-05-24,
944,208,3,Avery Anderson,Male,2021-05-21,1984-02-03,
945,209,3,Parker Taylor,Female,2020-12-15,2003-07-01,2021-06-23
946,210,3,Skyler Brown,Female,2024-04-07,1981-12-20,2017-07-08
947,211,3,Skyler Jackson,Male,2021-10-26,1986-06-27,
948,212,3,Quinn Smith,Female,2023-06-15,1993-11-19,2020-01-04
949,213,3,Casey Taylor,Male,2021-04-26,1985-11-25,2010-01-29
950,214,3,Skyler Thomas,Female,2020-02-20,2000-07-28,
951,215,3,Parker Wilson,Male,2025-07-14,1990-09-02,
952,216,3,Cameron Davis,Female,2024-08-06,1999-10-27,
953,217,3,Skyler Smith,Male,2023-02-13,2005-01-03,2014-08-28
954,218,3,Alex Brown,Male,2020-08-13,1995-08-28,
955,219,3,Dakota Smith,Female,2023-09-18,1983-12-07,
956,220,3,Riley Brown,Male,2023-03-10,2005-09-02,2013-12-24
957,221,3,Parker Anderson,Female,2020-05-26,1984-03-05,2017-03-29
958,222,3,Avery White,Female,2020-10-04,1999-03-03,2011-06-16
959,223,3,Casey Davis,Male,2021-05-14,1992-04-23,
960,224,3,Riley Wilson,Male,2022-05-06,1982-08-11,
961,225,3,Quinn Taylor,Male,2025-06-04,1992-11-18,
962,226,3,Dakota Garcia,Female,2025-11-22,2005-10-19,2017-12-08
963,227,3,Emerson Brown,Female,2025-10-29,2002-04-29,
964,228,3,Taylor White,Male,2023-04-04,1988-09-06,
965,229,3,Alex Davis,Male,2022-04-29,1998-08-07,
966,230,3,Avery Garcia,Male,2020-02-16,1989-01-09,2015-09-16
967,231,3,Reese Johnson,Female,2023-05-14,2002-09-23,
968,232,3,Reese Smith,Male,2023-09-27,1995-04-24,
969,233,3,Skyler Moore,Male,2021-12-20,1988-09-13,
970,234,3,Avery White,Female,2025-04-27,1981-08-05,2020-10-19
971,235,3,Taylor Taylor,Female,2023-10-04,2000-09-29,2019-04-15
972,236,3,Emerson Anderson,Male,2025-11-04,1993-06-05,
973,237,3,Cameron Garcia,Male,2022-05-03,2005-11-25,2017-12-06
974,238,3,Jordan Brown,Female,2020-05-07,1995-03-19,2024-01-20
975,239,3,Jamie Jackson,Male,2024-05-14,1988-05-28,
976,240,3,Dakota Thomas,Female,2023-07-12,1981-06-02,
977,241,3,Jordan Davis,Male,2024-03-02,2000-04-09,2016-10-15
978,242,3,Morgan Wilson,Female,2021-12-17,1985-01-12,
979,243,3,Alex Thomas,Male,2021-01-14,1999-11-27,
980,244,3,Reese Davis,Male,2022-02-18,1995-04-04,2021-09-29
981,245,3,Casey Thomas,Female,2021-08-09,1984-05-28,2021-07-30
982,246,3,Cameron Brown,Male,2020-05-29,2000-08-09,
983,247,3,Dakota Wilson,Male,2020-01-17,1993-12-13,2025-05-30
984,248,3,Dakota Moore,Male,2023-09-27,2000-12-10,2012-04-24
985,249,3,Jamie Thomas,Female,2020-04-02,2005-11-27,2024-04-30
986,250,3,Emerson Williams,Female,2022-04-01,1988-08-20,
987,251,3,Jamie Garcia,Female,2021-04-26,1992-03-25,
988,252,3,Casey Johnson,Male,2025-10-06,1984-08-04,
989,253,3,Avery Wilson,Female,2023-01-15,1986-05-08,2016-05-09
990,254,3,Skyler Williams,Male,2020-10-18,1993-12-19,2017-08-06
991,255,3,Jamie Davis,Male,2021-06-16,1981-04-20,
992,256,3,Cameron Smith,Male,2024-04-20,1982-05-31,
993,257,3,Riley Brown,Female,2023-12-27,1994-01-06,
994,258,3,Morgan Anderson,Male,2025-03-22,2005-06-20,
995,259,3,Dakota Thomas,Female,2021-02-02,2000-06-08,
996,260,3,Cameron Anderson,Female,2025-04-11,1990-05-24,2013-03-23
997,261,3,Dakota White,Female,2024-01-28,1997-08-02,
998,262,3,Emerson Taylor,Female,2023-08-23,2000-05-01,
999,263,3,Jordan Davis,Male,2023-12-10,2001-06-21,
1000,264,3,Taylor Jones,Female,2021-06-05,2002-10-14,
1001,265,3,Dakota Anderson,Male,2023-08-27,2004-12-11,2016-10-10
1002,266,3,Jamie Davis,Female,2024-08-20,1990-09-13,2022-04-16
1003,267,3,Taylor Davis,Female,2020-09-27,1995-04-14,
1004,268,3,Quinn Moore,Female,2024-11-18,2005-06-11,2022-03-19
1005,269,3,Quinn Williams,Male,2020-11-15,2005-10-03,2012-07-25
1006,270,3,Skyler Moore,Female,2023-08-25,2004-11-24,
1007,271,3,Parker Brown,Female,2024-07-20,1983-02-14,
1008,272,3,Cameron Jackson,Female,2023-09-03,2002-03-04,2011-05-19
1009,273,3,Jordan Williams,Male,2020-01-01,1986-07-31,2020-02-28
1010,274,3,Jamie Jones,Female,2025-01-05,1988-10-10,
1011,275,3,Emerson Garcia,Female,2023-06-01,1999-07-02,2017-09-21
1012,276,3,Jordan Moore,Male,2025-09-21,1998-02-17,2016-08-06
1013,277,3,Alex Garcia,Male,2020-01-04,2005-02-13,2018-01-21
1014,278,3,Jordan Jackson,Female,2020-05-07,1990-07-21,
1015,279,3,Skyler Miller,Female,2024-04-16,1998-03-19,
1016,280,3,Jamie Williams,Male,2025-04-29,1986-03-28,
1017,281,3,Riley Jackson,Female,2024-09-04,1986-12-02,
1018,282,3,Dakota Taylor,Male,2021-07-04,1980-07-09,
1019,283,3,Alex Brown,Female,2024-11-23,1986-02-02,
1020,284,3,Cameron Thomas,Female,2025-02-10,1999-02-04,2020-03-11
1021,285,3,Jamie Miller,Female,2024-04-24,1995-12-09,
1022,286,3,Riley Moore,Male,2025-08-02,1990-08-14,2016-01-15
1023,287,3,Riley White,Female,2020-05-17,1981-09-12,
1024,288,3,Quinn Garcia,Male,2025-05-26,1983-08-04,
1025,289,3,Quinn Wilson,Female,2025-03-19,2003-03-10,
1026,290,3,Emerson Moore,Male,2022-10-01,2001-03-11,2024-11-20
1027,291,3,Cameron Johnson,Female,2020-08-04,1995-05-30,
1028,292,3,Alex Davis,Female,2025-09-30,2001-01-17,
1029,293,3,Avery Miller,Female,2023-04-21,1992-12-21,
1030,294,3,Quinn White,Female,2022-12-02,1982-10-03,2022-12-20
1031,295,3,Taylor Moore,Male,2023-04-10,1981-03-23,
1032,296,3,Jordan Brown,Male,2023-02-12,1991-04-22,
1033,297,3,Casey Jones,Female,2020-02-28,1985-01-01,2023-04-10
1034,298,3,Quinn Brown,Female,2024-02-23,1987-11-13,
1035,299,3,Quinn Williams,Female,2022-01-10,2003-08-28,2017-09-09
1036,300,3,Jordan Brown,Male,2025-07-24,1998-07-10,2015-05-04
1037,301,3,Cameron Davis,Male,2022-05-13,2005-11-30,2017-09-27
1038,302,3,Alex Taylor,Female,2021-04-20,1982-05-10,
1039,303,3,Riley Davis,Female,2025-05-04,2003-11-20,
1040,304,3,Cameron Anderson,Female,2025-04-27,1991-10-12,
1041,305,3,Dakota Miller,Male,2023-03-28,2000-02-18,
1042,306,3,Avery Wilson,Male,2021-02-02,2003-10-31,2019-09-08
1043,307,3,Skyler White,Female,2023-10-04,1992-02-16,
1044,308,3,Jordan Jones,Female,2025-03-03,1990-11-05,2023-03-16
1045,309,3,Reese Williams,Female,2022-01-06,1994-01-19,
1046,310,3,Cameron Smith,Male,2020-02-18,1998-06-12,
1047,311,3,Jordan Taylor,Female,2023-12-10,1989-11-03,2015-08-26
1048,312,3,Morgan Smith,Male,2021-01-11,1982-07-20,2024-09-22
1049,313,3,Emerson Jackson,Male,2021-05-13,1985-05-19,
1050,314,3,Skyler Brown,Female,2022-01-26,1984-12-21,2015-09-07
1051,315,3,Casey Davis,Male,2025-01-31,1992-05-25,2025-07-11
1052,316,3,Emerson Taylor,Female,2022-11-20,1987-04-07,2016-03-21
1053,317,3,Reese Smith,Female,2024-05-10,1994-12-03,2015-10-17
1054,318,3,Dakota Jones,Male,2024-12-09,1983-02-11,
1055,319,3,Emerson Williams,Female,2021-12-31,2002-01-26,
1056,320,3,Jamie Thomas,Female,2022-06-13,1984-10-06,2015-10-23
1057,321,3,Jordan Smith,Male,2020-10-15,2005-08-17,2020-01-01
1058,322,3,Alex White,Female,2021-09-01,1980-01-15,2024-11-27
1059,323,3,Riley Jones,Male,2023-09-12,1997-07-21,
1060,324,3,Jamie Anderson,Female,2025-05-12,1999-07-24,
1061,325,3,Quinn Thomas,Male,2022-07-14,1980-02-24,
1062,326,3,Quinn Jackson,Female,2021-05-11,2005-06-11,
1063,327,3,Avery Garcia,Female,2024-06-28,1982-06-23,2024-07-06
1064,328,3,Jordan Garcia,Female,2020-11-25,2000-08-13,2016-07-03
1065,329,3,Cameron Williams,Male,2020-06-10,1997-03-26,2016-09-14
1066,330,3,Quinn Miller,Male,2024-01-11,2001-10-27,
1067,331,3,Cameron Davis,Male,2021-07-27,1981-08-07,
1068,332,3,Quinn Moore,Male,2025-06-26,1997-06-09,
1069,333,3,Jamie Taylor,Female,2025-08-08,2003-12-14,2020-01-29
1070,334,3,Alex Smith,Female,2020-08-17,1995-02-24,2010-12-17
1071,335,3,Riley Johnson,Male,2025-11-12,2000-07-23,2022-01-13
1072,336,3,Taylor Anderson,Male,2020-10-22,1981-08-27,2020-12-19
1073,337,3,Cameron Smith,Female,2020-07-06,1990-11-20,2012-12-05
1074,338,3,Alex Brown,Male,2023-06-12,1984-05-13,
1075,339,3,Taylor Jackson,Male,2021-03-11,1985-02-13,
1076,340,3,Reese Moore,Male,2020-09-15,1989-02-02,
1077,341,3,Reese Jackson,Female,2023-08-21,1985-06-02,2022-12-02
1078,342,3,Jamie Brown,Female,2022-05-23,1982-01-16,
1079,343,3,Avery Johnson,Male,2023-01-26,1986-05-03,2013-10-08
1080,344,3,Quinn Garcia,Male,2024-12-01,1990-12-05,2010-11-30
1081,345,3,Taylor Johnson,Female,2021-10-08,1980-09-13,2011-10-24
1082,346,3,Alex Smith,Male,2020-12-31,1992-09-22,
1083,347,3,Reese Thomas,Female,2021-06-03,1989-03-31,
1084,348,3,Casey Wilson,Female,2024-08-14,1990-09-24,2023-09-11
1085,349,3,Quinn Smith,Male,2025-08-09,1983-12-13,2016-10-03
1086,350,3,Avery Miller,Male,2022-08-23,1988-08-10,
1087,351,3,Jamie Johnson,Female,2025-09-09,1989-11-01,
1088,352,3,Cameron Taylor,Male,2023-02-06,1982-05-19,
1089,353,3,Reese Brown,Female,2025-07-30,1987-11-28,
1090,354,3,Emerson Smith,Male,2024-01-31,1992-10-14,
1091,355,3,Casey Garcia,Female,2020-06-26,1984-09-06,2022-01-20
1092,356,3,Taylor Brown,Male,2025-06-09,2003-02-05,
1093,357,3,Emerson Williams,Female,2023-08-28,1998-10-18,
1094,358,3,Cameron White,Female,2022-07-31,1984-12-09,
1095,359,3,Jordan Williams,Female,2022-03-30,1996-11-04,2011-08-26
1096,360,3,Parker Moore,Female,2020-08-10,1999-07-21,
1097,361,3,Emerson Moore,Female,2021-12-30,1997-05-17,
1098,362,3,Parker Anderson,Male,2024-01-08,1992-02-05,
1099,1,4,Alex Anderson,Male,2023-02-23,1986-02-14,
1100,2,4,Parker Davis,Female,2021-12-02,1995-05-31,
1101,3,4,Casey Moore,Male,2021-11-27,2005-12-06,2015-02-25
1102,4,4,Jordan Miller,Female,2022-06-05,2001-03-28,2016-04-05
1103,5,4,Alex Anderson,Female,2022-10-07,1991-02-12,
1104,6,4,Skyler Williams,Male,2020-01-21,1998-09-27,2010-11-25
1105,7,4,Parker Anderson,Male,2024-10-09,2003-10-28,
1106,8,4,Reese Thomas,Male,2025-01-27,2002-03-20,
1107,9,4,Jamie Thomas,Male,2024-07-23,1989-10-11,
1108,10,4,Casey Williams,Male,2020-03-06,2001-07-09,2013-08-18
1109,11,4,Quinn Davis,Male,2025-02-06,2000-10-20,2025-10-09
1110,12,4,Riley Brown,Female,2025-03-16,1980-01-23,2011-08-03
1111,13,4,Riley White,Female,2025-12-14,1981-06-19,
1112,14,4,Reese Jones,Male,2020-11-27,1995-01-22,2011-03-26
1113,15,4,Jamie White,Female,2020-07-30,1984-12-23,
1114,16,4,Parker Moore,Male,2024-02-06,1996-06-08,
1115,17,4,Jamie Anderson,Male,2022-04-18,1986-03-17,2015-05-09
1116,18,4,Jamie Johnson,Female,2022-05-09,1990-02-10,
1117,19,4,Emerson Jones,Female,2023-02-09,1982-06-11,
1118,20,4,Avery Davis,Female,2025-08-15,2003-08-17,2020-07-18
1119,21,4,Quinn Wilson,Female,2025-01-25,1996-07-06,2025-07-19
1120,22,4,Reese White,Male,2022-02-10,2000-07-15,
1121,23,4,Riley White,Male,2023-03-27,1983-06-14,
1122,24,4,Casey Johnson,Male,2025-07-25,1986-10-01,2021-09-05
1123,25,4,Cameron Smith,Female,2024-09-02,2004-04-14,2020-08-18
1124,26,4,Avery Miller,Female,2020-03-28,1993-01-28,
1125,27,4,Alex Jackson,Male,2025-10-29,1995-01-25,
1126,28,4,Avery Taylor,Female,2025-06-14,2003-10-13,2019-12-27
1127,29,4,Parker Jones,Male,2023-06-09,1987-09-14,2015-02-01
1128,30,4,Parker Garcia,Female,2020-07-12,1986-08-27,
1129,31,4,Parker Brown,Male,2023-03-14,1988-03-05,2025-11-18
1130,32,4,Quinn White,Male,2021-10-22,1990-09-02,
1131,33,4,Avery Moore,Male,2024-12-10,1991-09-06,
1132,34,4,Morgan Wilson,Male,2023-07-22,1995-06-04,
1133,35,4,Parker Wilson,Male,2025-12-25,1993-07-11,
1134,36,4,Alex Miller,Female,2021-08-18,2000-07-18,2013-07-02
1135,37,4,Alex Anderson,Female,2023-04-25,2001-04-04,2022-11-13
1136,38,4,Cameron Brown,Female,2023-10-19,1985-01-14,2010-11-25
1137,39,4,Taylor Taylor,Male,2023-06-15,1981-02-10,
1138,40,4,Dakota Williams,Female,2024-01-03,1984-02-24,
1139,41,4,Skyler Taylor,Male,2025-11-26,1989-12-18,2016-03-26
1140,42,4,Morgan Smith,Male,2024-12-29,1983-12-02,2018-11-06
1141,43,4,Morgan Davis,Female,2025-09-26,1982-07-07,2018-02-05
1142,44,4,Riley Brown,Female,2024-02-23,1997-04-27,
1143,45,4,Casey Garcia,Female,2023-06-15,1999-12-27,2011-12-19
1144,46,4,Morgan Anderson,Female,2024-08-29,1999-11-06,
1145,47,4,Reese Anderson,Female,2024-08-23,1986-04-05,2023-05-31
1146,48,4,Jordan Brown,Male,2023-05-27,2001-04-16,2021-10-13
1147,49,4,Avery Johnson,Female,2020-12-28,1980-04-18,
1148,50,4,Emerson Jones,Female,2021-12-17,2004-12-06,
1149,51,4,Skyler Thomas,Male,2022-03-27,1988-05-05,2016-06-29
1150,52,4,Jamie Davis,Male,2023-05-21,1993-08-19,
1151,53,4,Quinn Davis,Male,2020-04-19,1980-02-10,
1152,54,4,Casey Taylor,Female,2021-05-23,1992-11-26,
1153,55,4,Parker White,Male,2020-04-26,1985-05-09,2021-01-22
1154,56,4,Jordan Moore,Female,2025-05-22,2005-05-15,
1155,57,4,Casey Taylor,Female,2021-05-04,1996-09-27,
1156,58,4,Skyler Smith,Female,2021-10-29,1982-08-16,
1157,59,4,Parker White,Male,2024-01-03,1987-04-29,
1158,60,4,Avery Miller,Female,2020-07-18,1993-01-01,
1159,61,4,Cameron White,Male,2025-10-05,1988-09-10,2014-02-10
1160,62,4,Reese Johnson,Male,2023-08-14,1994-03-08,2025-05-13
1161,63,4,Reese Jones,Female,2024-01-24,1984-04-19,
1162,64,4,Avery Jackson,Male,2020-02-22,1986-02-21,
1163,65,4,Avery Thomas,Female,2024-08-14,1995-04-07,2013-08-28
1164,66,4,Jordan Williams,Male,2025-08-23,1989-12-01,2022-07-13
1165,67,4,Skyler Anderson,Male,2024-09-05,2000-08-27,2012-08-12
1166,68,4,Dakota Brown,Male,2025-05-18,1995-08-15,
1167,69,4,Avery Brown,Female,2025-11-12,1995-05-06,
1168,70,4,Casey Smith,Male,2022-06-29,1985-10-09,2013-03-12
1169,71,4,Quinn Williams,Female,2021-05-28,1989-05-31,
1170,72,4,Jordan Miller,Male,2020-11-14,1980-11-04,2019-09-03
1171,73,4,Alex Williams,Male,2020-05-14,2003-01-12,
1172,74,4,Parker Johnson,Female,2020-06-26,1982-12-21,
1173,75,4,Alex Thomas,Male,2021-05-22,1989-03-19,
1174,76,4,Morgan Brown,Female,2020-04-29,1984-01-27,
1175,77,4,Quinn Jones,Female,2023-12-13,1987-03-15,2023-10-01
1176,78,4,Morgan Wilson,Male,2021-02-09,2005-12-07,2021-11-11
1177,79,4,Morgan Anderson,Male,2023-02-28,1987-09-15,2022-01-18
1178,80,4,Alex Anderson,Male,2022-05-26,2002-08-13,2020-08-24
1179,1,5,Quinn Moore,Male,2024-12-05,1984-10-24,
1180,2,5,Avery Miller,Female,2022-05-27,2003-01-25,
1181,3,5,Jordan Thomas,Female,2021-05-21,2000-11-24,
1182,4,5,Taylor Davis,Female,2023-03-26,2004-12-28,2011-11-05
1183,5,5,Avery Davis,Male,2024-04-25,1992-09-20,
1184,6,5,Quinn Jones,Female,2022-07-14,2004-11-05,
1185,7,5,Dakota Miller,Male,2020-10-12,2001-05-03,2018-03-30
1186,8,5,Taylor Smith,Female,2021-03-06,1997-10-12,
1187,9,5,Cameron Taylor,Male,2021-05-03,1986-06-06,
1188,10,5,Quinn Moore,Male,2021-11-22,1982-11-26,
1189,11,5,Morgan Garcia,Male,2024-07-13,1985-07-04,
1190,12,5,Riley Anderson,Female,2023-02-14,1992-03-30,2024-06-10
1191,13,5,Riley Garcia,Female,2024-07-14,2001-09-25,
1192,14,5,Taylor Thomas,Female,2021-03-18,1985-06-24,
1193,15,5,Parker Williams,Male,2020-05-01,1984-06-19,2011-07-13
1194,16,5,Parker Taylor,Male,2022-01-03,1997-03-01,2017-05-02
1195,17,5,Taylor Jones,Male,2020-11-09,2003-04-28,2020-06-14
1196,18,5,Morgan Jones,Female,2025-07-01,2002-08-23,
1197,19,5,Avery Thomas,Male,2020-05-09,1999-04-22,2012-09-02
1198,20,5,Riley Davis,Female,2024-03-21,1999-11-07,
1199,21,5,Alex Brown,Female,2021-11-03,2002-01-17,
1200,22,5,Casey Anderson,Female,2025-06-19,1984-11-27,
1201,23,5,Parker Taylor,Female,2025-05-03,2005-03-21,2021-05-13
1202,24,5,Alex Miller,Female,2025-07-19,1996-12-11,2017-11-29
1203,25,5,Reese Jones,Female,2020-09-08,1981-04-06,
1204,26,5,Taylor Jackson,Female,2023-11-29,1981-03-16,2024-01-09
1205,27,5,Avery Miller,Male,2024-10-19,1995-06-25,2019-03-29
1206,28,5,Avery Smith,Male,2022-10-11,1990-07-11,2023-04-17
1207,29,5,Jordan White,Male,2023-06-02,1985-02-18,
1208,30,5,Alex Wilson,Female,2020-06-02,2000-09-03,2019-06-23
1209,31,5,Skyler Wilson,Female,2022-12-28,1980-11-30,2023-03-10
1210,32,5,Alex Garcia,Female,2024-05-17,1994-06-18,
1211,33,5,Reese Davis,Male,2022-04-23,1995-01-26,
1212,34,5,Reese Thomas,Female,2021-11-13,1993-06-08,
1213,35,5,Riley Williams,Female,2020-11-04,2004-01-14,
1214,36,5,Casey Smith,Female,2024-07-04,1990-02-17,2012-01-24
1215,37,5,Quinn Jackson,Male,2023-10-11,1992-04-05,
1216,38,5,Reese Wilson,Female,2024-10-15,1989-05-29,
1217,39,5,Jordan Taylor,Female,2025-08-29,1993-06-14,
1218,40,5,Jamie Garcia,Male,2024-08-24,1998-01-17,
1219,41,5,Jamie Davis,Male,2020-03-17,2003-02-26,2022-12-09
1220,42,5,Parker Williams,Female,2023-01-02,2003-11-24,2019-09-24
1221,43,5,Emerson Moore,Male,2025-11-09,1988-12-31,
1222,44,5,Taylor Williams,Male,2023-05-14,1999-07-13,
1223,45,5,Dakota Jackson,Male,2022-04-13,1998-07-02,
1224,46,5,Casey Taylor,Male,2022-11-16,1990-08-04,
1225,47,5,Jordan Brown,Male,2020-04-23,1991-01-06,2016-12-18
1226,48,5,Parker Davis,Female,2024-09-24,1981-08-29,
1227,49,5,Casey Brown,Male,2022-11-24,1992-06-17,2013-12-12
1228,50,5,Cameron Jackson,Male,2025-06-13,1980-11-22,
1229,51,5,Emerson Johnson,Female,2023-05-05,1982-11-07,2019-02-17
1230,52,5,Emerson Garcia,Male,2024-06-13,1986-04-21,
1231,53,5,Skyler Anderson,Male,2025-11-07,2003-07-24,
1232,54,5,Emerson Johnson,Male,2021-05-15,1994-01-21,
1233,55,5,Skyler Anderson,Female,2022-08-24,1998-12-20,
1234,56,5,Jordan Brown,Male,2023-01-29,1999-09-18,
1235,57,5,Dakota Moore,Male,2025-07-01,2003-12-06,
1236,58,5,Jordan Garcia,Female,2025-04-29,1991-01-19,2013-04-02
1237,59,5,Avery Davis,Female,2023-06-16,1980-12-11,2023-08-03
1238,60,5,Alex Jackson,Male,2022-09-08,1991-05-07,
1239,61,5,Casey Taylor,Female,2021-05-14,2003-12-29,2019-12-04
1240,62,5,Riley Smith,Female,2022-11-12,1993-06-30,
1241,63,5,Dakota Thomas,Male,2023-05-03,1989-06-08,2013-08-05
1242,64,5,Emerson Davis,Female,2024-07-22,1981-07-09,
1243,65,5,Jordan Jackson,Female,2025-04-13,1998-07-10,2017-06-18
1244,66,5,Quinn Miller,Male,2021-10-18,1991-09-15,
1245,67,5,Avery Miller,Female,2025-01-30,1981-03-24,2024-05-21
1246,68,5,Cameron Brown,Female,2021-07-11,1980-02-20,
1247,69,5,Cameron Jones,Female,2020-12-02,1984-12-20,
1248,70,5,Jamie Anderson,Male,2024-08-07,1994-04-30,
1249,71,5,Dakota Anderson,Male,2022-12-03,1987-10-13,2017-05-07
1250,72,5,Reese Jones,Male,2020-12-11,1998-08-05,
1251,73,5,Riley White,Female,2022-07-08,1980-12-05,2022-07-12
1252,74,5,Cameron Moore,Male,2020-12-30,2000-09-28,
1253,75,5,Quinn Jackson,Male,2020-07-22,1997-12-27,2023-06-20
1254,76,5,Casey Brown,Male,2024-02-16,1987-08-19,2012-08-19
1255,77,5,Alex Anderson,Female,2025-02-01,2002-03-02,
1256,78,5,Quinn Williams,Male,2022-12-26,1992-11-30,2018-07-27
1257,79,5,Taylor Miller,Male,2022-06-01,1992-09-10,2014-04-01
1258,80,5,Riley Brown,Female,2021-08-20,1981-04-16,
1259,81,5,Casey Williams,Female,2022-10-14,1996-07-31,
1260,82,5,Cameron Davis,Male,2020-02-12,2001-01-12,
1261,83,5,Avery Anderson,Female,2022-05-19,1997-03-15,2023-05-25
1262,84,5,Casey Johnson,Male,2020-08-28,1982-05-03,
1263,85,5,Morgan Davis,Female,2020-07-05,1980-03-28,
1264,86,5,Skyler Miller,Female,2024-06-04,1996-08-20,
1265,87,5,Emerson Wilson,Male,2022-01-04,1991-09-04,
1266,88,5,Parker White,Female,2025-04-01,1985-12-01,
1267,89,5,Quinn Wilson,Female,2021-08-03,1991-09-06,
1268,90,5,Alex Brown,Female,2023-02-24,1996-03-04,2016-05-06
1269,91,5,Emerson White,Female,2022-12-16,2003-03-11,
1270,92,5,Emerson Brown,Female,2025-07-05,1986-10-14,
1271,93,5,Emerson Taylor,Female,2020-08-05,1988-06-22,
1272,94,5,Morgan Brown,Male,2025-04-10,1991-09-03,
1273,95,5,Parker Miller,Male,2025-07-20,1981-10-30,
1274,96,5,Quinn Wilson,Female,2025-02-17,2002-02-11,
1275,97,5,Quinn Jackson,Male,2021-05-21,1995-09-06,
1276,98,5,Dakota Jones,Male,2021-11-20,2002-10-27,2022-08-20
1277,99,5,Emerson Taylor,Male,2020-01-17,2003-08-06,2014-01-19
1278,100,5,Riley White,Male,2022-10-05,2002-05-06,2017-05-16
1279,101,5,Alex Jones,Male,2024-06-02,1996-10-03,
1280,102,5,Jordan Jackson,Female,2021-09-21,1981-04-18,
1281,103,5,Dakota Anderson,Female,2025-02-02,1992-01-30,
1282,104,5,Alex Garcia,Male,2025-01-29,1994-07-29,2022-10-07
1283,105,5,Taylor Williams,Male,2023-03-04,1994-06-30,2011-08-03
1284,106,5,Jamie Moore,Female,2021-01-14,1997-11-21,
1285,107,5,Morgan Thomas,Female,2020-12-31,1980-12-02,2013-08-27
1286,108,5,Riley Thomas,Female,2023-03-13,1986-11-30,
1287,109,5,Parker Thomas,Female,2023-06-24,1985-11-21,
1288,110,5,Jordan Jackson,Female,2025-09-30,1988-12-18,
1289,111,5,Emerson Miller,Female,2023-01-04,2005-04-04,2012-01-10
1290,112,5,Reese Miller,Female,2022-02-02,1999-06-22,2012-02-01
1291,113,5,Alex Wilson,Female,2025-03-13,1990-01-21,2013-06-24
1292,114,5,Emerson Davis,Male,2023-04-05,2001-01-01,
1293,115,5,Emerson Thomas,Female,2023-05-15,1986-08-31,2025-05-07
1294,116,5,Emerson Jones,Male,2025-11-12,1999-03-09,
1295,117,5,Alex Wilson,Male,2020-07-03,2003-01-11,
1296,118,5,Riley Miller,Male,2025-03-18,2005-07-01,2017-12-21
1297,119,5,Casey Moore,Male,2025-08-24,1980-09-23,
1298,120,5,Cameron Davis,Male,2022-01-16,1997-08-17,
1299,121,5,Riley White,Female,2023-07-09,2000-05-29,2020-02-03
1300,122,5,Skyler Thomas,Female,2023-10-30,1988-05-24,
1301,123,5,Jordan Anderson,Female,2021-03-11,1999-06-17,
1302,124,5,Alex Miller,Male,2020-02-24,1987-09-14,2020-04-27
1303,125,5,Quinn Miller,Female,2023-05-25,1996-03-07,2025-06-25
1304,126,5,Cameron Miller,Female,2020-12-24,1985-08-11,
1305,127,5,Morgan Johnson,Male,2022-02-09,1981-03-15,
1306,128,5,Cameron Brown,Male,2024-11-19,2004-02-28,
1307,129,5,Casey Thomas,Female,2021-08-29,2001-04-05,
1308,130,5,Jordan Brown,Male,2024-12-28,2001-10-04,
1309,131,5,Dakota Davis,Male,2022-04-04,1993-03-23,
1310,132,5,Dakota Miller,Male,2023-09-29,1980-05-09,
1311,133,5,Dakota Anderson,Female,2024-08-29,2002-03-27,2023-05-14
1312,134,5,Quinn Wilson,Female,2020-05-31,2001-11-13,
1313,135,5,Jamie Moore,Female,2022-08-07,1982-09-21,
1314,136,5,Riley Moore,Female,2020-09-17,1992-01-06,2019-05-11
1315,137,5,Emerson Davis,Male,2025-07-19,1995-07-22,
1316,138,5,Riley Smith,Male,2023-03-25,1988-08-15,
1317,139,5,Parker Williams,Male,2023-10-21,2001-01-05,
1318,140,5,Casey Anderson,Female,2024-09-03,1996-02-28,2013-08-20
1319,141,5,Skyler Williams,Female,2020-12-19,2001-08-29,
1320,142,5,Morgan Brown,Female,2021-02-17,1998-08-29,2021-01-27
1321,143,5,Casey Williams,Male,2020-07-11,1980-10-24,
1322,144,5,Casey Garcia,Male,2021-12-16,2002-08-01,
1323,145,5,Jordan Garcia,Female,2021-04-11,1990-03-03,
1324,146,5,Morgan Davis,Female,2023-10-25,1995-12-08,2022-06-30
1325,147,5,Casey White,Male,2025-10-12,1984-09-02,2019-10-27
1326,148,5,Reese Davis,Male,2021-03-09,1984-07-27,2010-12-10
1327,149,5,Jamie Johnson,Male,2021-04-28,1989-03-19,2013-07-10
1328,150,5,Quinn Jones,Female,2025-09-03,2002-05-10,2012-03-24
1329,151,5,Taylor Taylor,Female,2023-10-02,1986-03-07,
1330,152,5,Morgan Davis,Female,2020-01-27,1991-01-02,2020-08-16
1331,153,5,Avery Jones,Male,2020-12-15,1991-12-07,
1332,154,5,Reese Miller,Female,2022-10-02,1986-10-19,2021-11-17
1333,155,5,Riley Thomas,Male,2021-07-19,1999-03-27,
1334,156,5,Riley White,Female,2025-10-15,1996-03-24,2019-12-05
1335,157,5,Taylor Thomas,Male,2025-10-20,1983-02-14,
1336,158,5,Avery Miller,Male,2024-11-12,1982-10-04,
1337,159,5,Alex Taylor,Male,2020-08-24,2003-04-26,2019-05-28
1338,160,5,Riley White,Female,2023-07-08,1995-06-09,
1339,161,5,Casey White,Male,2024-07-12,2000-01-06,2022-03-18
1340,162,5,Skyler Thomas,Female,2023-11-15,1998-02-22,2016-10-06
1341,163,5,Jordan Smith,Female,2024-05-16,1985-08-26,
1342,164,5,Jamie Jones,Male,2021-01-15,2002-12-14,
1343,165,5,Jamie Garcia,Male,2020-04-05,1981-04-01,2022-02-10
1344,166,5,Skyler Jones,Male,2023-05-29,1998-12-18,2012-06-23
1345,167,5,Quinn Smith,Female,2022-11-29,2002-10-06,
1346,168,5,Alex Thomas,Male,2025-01-12,1993-05-13,
1347,169,5,Alex Davis,Female,2022-08-25,2005-05-15,2024-01-30
1348,170,5,Cameron Wilson,Male,2023-12-05,1993-06-03,
1349,171,5,Reese Jackson,Male,2024-03-26,2003-04-24,2012-05-12
1350,172,5,Avery Wilson,Male,2024-01-19,2000-05-18,
1351,173,5,Quinn Miller,Female,2020-12-01,1984-02-20,
1352,174,5,Emerson Brown,Female,2022-05-29,2000-01-05,
1353,175,5,Cameron Wilson,Female,2025-10-26,1997-09-16,2023-02-08
1354,176,5,Parker Taylor,Female,2024-12-07,2001-12-16,2019-05-09
1355,177,5,Dakota Brown,Male,2025-09-02,1985-09-13,
1356,178,5,Parker Brown,Male,2022-05-20,2000-06-05,
1357,179,5,Quinn Brown,Female,2021-05-01,1998-04-30,
1358,180,5,Avery Moore,Female,2020-06-13,2003-06-14,
1359,181,5,Avery Jones,Female,2023-05-27,1993-03-09,
1360,182,5,Reese Brown,Male,2024-09-23,1982-03-08,2016-11-04
1361,183,5,Emerson Jones,Male,2022-01-19,2001-12-04,
1362,184,5,Jamie Garcia,Male,2020-07-02,1998-09-24,
1363,185,5,Casey Moore,Female,2023-10-15,1996-12-03,
1364,186,5,Quinn Jackson,Male,2021-07-21,2002-08-23,2020-02-03
1365,187,5,Cameron Davis,Male,2023-08-25,1984-01-03,2024-11-26
1366,188,5,Skyler Miller,Female,2022-08-11,1997-09-26,
1367,189,5,Alex Taylor,Female,2023-02-10,1983-12-21,2025-11-11
1368,190,5,Alex Moore,Female,2021-05-22,2005-02-02,
1369,191,5,Skyler Wilson,Male,2025-11-07,1988-06-30,2021-04-10
1370,192,5,Emerson Smith,Male,2025-12-18,1988-01-23,2016-03-02
1371,193,5,Reese Williams,Male,2024-12-24,1983-10-18,2023-08-12
1372,194,5,Avery Miller,Male,2025-07-06,1981-01-16,
1373,195,5,Taylor Miller,Male,2025-12-02,1994-03-27,
1374,196,5,Jordan Johnson,Male,2021-11-19,1992-10-19,
1375,197,5,Casey Thomas,Male,2021-09-23,1993-10-05,2025-03-22
1376,198,5,Taylor Smith,Female,2022-01-13,1981-03-21,2016-09-07
1377,199,5,Riley Johnson,Female,2021-08-06,1998-07-08,2015-10-14
1378,200,5,Riley Jackson,Male,2020-07-31,1989-01-31,
1379,201,5,Skyler Moore,Male,2025-07-12,2002-10-25,2018-08-21
1380,202,5,Jordan Jones,Male,2023-07-27,2000-11-06,
1381,1,6,Parker Smith,Female,2022-08-15,1980-11-01,
1382,2,6,Skyler Taylor,Male,2022-10-05,2004-11-18,2012-10-25
1383,3,6,Casey Moore,Female,2024-12-31,1983-10-06,2021-03-23
1384,4,6,Morgan Thomas,Male,2024-03-09,2004-03-29,2015-07-02
1385,5,6,Jamie Miller,Female,2020-06-20,1980-01-17,2023-12-04
1386,6,6,Casey Taylor,Male,2020-01-03,1982-09-12,2020-10-25
1387,7,6,Casey Moore,Female,2024-04-06,1995-10-06,2014-10-09
1388,8,6,Skyler Jackson,Female,2020-07-05,1987-03-29,2022-08-18
1389,9,6,Jordan Jones,Male,2024-06-07,1985-07-07,2022-06-25
1390,10,6,Casey White,Female,2022-05-13,2002-08-23,2017-02-20
1391,11,6,Emerson Taylor,Female,2022-12-06,2000-04-22,
1392,12,6,Cameron Garcia,Female,2022-05-12,2000-08-16,2017-05-14
1393,13,6,Alex White,Male,2020-01-09,2001-05-17,
1394,14,6,Alex Taylor,Male,2024-08-19,2004-12-06,2025-10-10
1395,15,6,Parker Thomas,Female,2020-11-28,1983-06-24,
1396,16,6,Emerson Jackson,Female,2021-05-20,1995-11-01,2018-06-11
1397,17,6,Dakota Moore,Female,2024-05-03,1987-12-13,2025-08-20
1398,18,6,Alex Johnson,Female,2024-02-26,1988-08-27,
1399,19,6,Morgan Anderson,Male,2023-02-25,1996-01-19,
1400,20,6,Dakota Moore,Female,2022-06-24,1990-07-05,2018-02-21
1401,21,6,Alex Jones,Female,2022-05-06,1980-04-26,
1402,22,6,Dakota Taylor,Female,2021-03-30,1992-06-10,
1403,23,6,Parker Brown,Male,2021-12-19,1982-12-06,
1404,24,6,Quinn Johnson,Male,2022-11-29,2005-07-25,2021-09-25
1405,25,6,Quinn Thomas,Female,2022-02-24,1981-01-13,2025-07-17
1406,26,6,Cameron Wilson,Female,2025-02-02,1980-02-02,2024-05-17
1407,27,6,Cameron Taylor,Male,2023-08-16,1999-05-27,2019-02-16
1408,28,6,Casey Johnson,Female,2025-07-22,1996-03-19,
1409,29,6,Alex White,Male,2020-07-11,1992-06-19,2021-12-10
1410,30,6,Parker Garcia,Male,2024-05-24,1988-09-23,
1411,31,6,Emerson Moore,Male,2022-07-13,1999-01-04,2015-08-10
1412,32,6,Morgan Brown,Female,2023-06-27,1982-10-26,2012-03-03
1413,33,6,Alex Davis,Female,2020-04-08,1994-12-30,2015-07-18
1414,34,6,Jordan Davis,Male,2023-10-27,1982-06-10,2021-08-28
1415,35,6,Reese Williams,Male,2024-12-01,1984-04-16,2022-12-26
1416,36,6,Jordan Johnson,Male,2020-05-16,1996-12-05,
1417,37,6,Dakota Anderson,Male,2021-06-06,1982-10-12,2019-11-30
1418,38,6,Alex Jones,Female,2020-09-26,1984-07-26,2022-07-18
1419,39,6,Alex Jones,Female,2024-07-03,1984-04-19,2019-03-22
1420,40,6,Morgan Jackson,Male,2025-01-31,1997-03-22,
1421,41,6,Riley White,Male,2023-10-23,1981-03-01,
1422,42,6,Avery Moore,Male,2021-03-18,1984-08-09,
1423,43,6,Quinn Johnson,Male,2021-05-31,2002-10-29,
1424,44,6,Riley Davis,Female,2022-01-31,1990-11-27,
1425,45,6,Alex Smith,Male,2023-06-30,1999-07-20,
1426,46,6,Cameron Thomas,Female,2023-06-28,2004-04-10,2013-04-22
1427,47,6,Parker Jones,Female,2023-04-07,1996-07-17,2021-08-11
1428,48,6,Skyler Taylor,Male,2020-08-22,1990-08-25,
1429,1,7,Jamie Jackson,Male,2024-09-24,1995-06-04,
1430,2,7,Morgan Taylor,Male,2020-10-07,1995-04-27,
1431,3,7,Parker Anderson,Female,2023-09-18,2005-12-11,
1432,4,7,Avery Moore,Female,2024-09-10,1994-09-28,
1433,5,7,Parker White,Male,2025-07-24,1989-11-03,2024-04-29
1434,6,7,Morgan Anderson,Male,2025-03-25,1989-07-24,
1435,7,7,Quinn Thomas,Female,2024-03-19,1989-03-17,
1436,8,7,Dakota Smith,Female,2020-02-10,1983-04-23,
1437,9,7,Jamie Johnson,Male,2023-04-05,1999-10-03,
1438,10,7,Skyler White,Female,2020-06-28,1981-05-01,
1439,11,7,Casey Brown,Male,2022-12-09,1987-10-26,
1440,12,7,Jamie Williams,Male,2022-03-13,1980-12-18,
1441,13,7,Casey White,Male,2020-03-26,1986-02-26,
1442,14,7,Reese White,Male,2023-10-18,1989-06-06,
1443,15,7,Morgan Garcia,Female,2021-12-02,2003-08-21,2023-12-24
1444,16,7,Emerson Miller,Male,2021-04-30,1986-06-24,2012-12-07
1445,17,7,Reese Williams,Male,2025-12-21,1996-12-18,2017-02-17
1446,18,7,Skyler Miller,Male,2020-07-08,1988-06-25,2016-08-06
1447,19,7,Reese Brown,Female,2022-10-09,1982-05-22,2016-04-13
1448,20,7,Dakota Brown,Female,2022-05-07,1983-08-26,2024-11-18
1449,21,7,Skyler Johnson,Male,2025-09-14,1997-05-29,2024-06-20
1450,22,7,Reese Wilson,Female,2025-08-04,2003-04-11,
1451,23,7,Avery Anderson,Female,2025-11-22,2001-09-05,2021-02-05
1452,24,7,Parker Jones,Female,2020-05-29,1989-04-17,
1453,25,7,Morgan Davis,Male,2024-06-09,1989-10-21,
1454,26,7,Emerson Miller,Male,2024-03-12,1991-06-02,
1455,27,7,Taylor Thomas,Male,2023-04-23,1999-12-09,
1456,28,7,Morgan Moore,Male,2025-03-20,2002-12-23,2019-07-23
1457,29,7,Parker Davis,Female,2024-08-02,1996-06-26,2017-02-10
1458,30,7,Casey Miller,Male,2022-01-05,1999-10-24,
1459,31,7,Cameron Johnson,Female,2020-12-03,1993-03-18,2021-07-02
1460,32,7,Jamie Taylor,Male,2023-02-06,1990-03-20,
1461,33,7,Jordan Garcia,Male,2022-03-31,1994-12-21,
1462,34,7,Avery Jones,Female,2023-01-29,1988-07-20,2013-02-03
1463,35,7,Dakota Thomas,Female,2020-02-04,1993-06-07,
1464,36,7,Avery Thomas,Female,2024-07-19,1980-07-13,
1465,37,7,Jamie Thomas,Male,2024-06-16,1990-03-17,
1466,38,7,Quinn Williams,Female,2022-08-15,2003-02-20,
1467,39,7,Jamie Thomas,Female,2025-03-04,1995-04-13,2017-01-08
1468,40,7,Dakota Williams,Female,2024-09-06,1989-05-26,
1469,41,7,Dakota Wilson,Male,2024-03-14,1986-03-26,
1470,42,7,Taylor Jones,Male,2025-08-09,1995-11-28,
1471,43,7,Riley Miller,Female,2023-05-12,1994-08-17,
1472,44,7,Skyler Thomas,Male,2021-07-23,1986-11-23,2017-05-29
1473,45,7,Skyler Taylor,Female,2024-04-10,1989-02-27,2011-06-06
1474,46,7,Jamie Miller,Male,2025-04-28,1984-11-14,
1475,47,7,Parker Taylor,Female,2021-01-16,1987-09-09,
1476,48,7,Jamie Brown,Male,2025-06-24,1981-03-15,
1477,49,7,Jordan White,Female,2023-03-08,1989-03-27,
1478,50,7,Cameron Wilson,Male,2025-02-05,1982-07-30,
1479,51,7,Alex Brown,Female,2024-08-09,1997-07-17,
1480,52,7,Jordan Brown,Female,2025-05-12,1983-01-31,
1481,53,7,Emerson Jackson,Male,2021-06-16,1989-03-23,
1482,54,7,Dakota Anderson,Female,2021-10-12,2005-10-18,2023-03-06
1483,55,7,Morgan Wilson,Female,2023-02-02,1989-01-17,
1484,56,7,Taylor Davis,Male,2024-06-23,1991-01-27,
1485,57,7,Emerson Moore,Female,2025-02-27,2000-10-02,
1486,58,7,Quinn Johnson,Female,2025-02-12,1995-07-22,2025-12-17
1487,59,7,Reese Jones,Female,2021-12-18,1998-08-14,
1488,60,7,Emerson Moore,Female,2025-02-18,1997-04-03,2014-02-11
1489,61,7,Quinn Moore,Male,2024-05-30,1981-12-16,
1490,62,7,Dakota Brown,Female,2023-04-10,1982-12-29,2014-11-15
1491,63,7,Emerson Davis,Female,2021-05-11,1996-07-16,
1492,64,7,Jordan Wilson,Female,2024-08-06,2000-03-24,
1493,65,7,Morgan Wilson,Male,2025-03-08,1981-03-13,
1494,66,7,Quinn Taylor,Female,2024-04-10,1995-06-01,2014-05-12
1495,67,7,Riley Smith,Male,2022-10-23,1985-02-21,2013-01-23
1496,68,7,Avery Taylor,Female,2025-06-08,2000-09-10,
1497,69,7,Jamie Taylor,Male,2024-11-27,1986-04-16,
1498,70,7,Casey Jackson,Male,2021-11-29,1980-10-22,2013-12-22
1499,71,7,Casey Johnson,Female,2021-11-20,1983-06-25,2010-04-02
1500,72,7,Cameron Jones,Male,2024-12-09,1996-01-23,
1501,73,7,Quinn Smith,Male,2024-12-15,1982-02-21,2021-09-23
1502,74,7,Cameron Taylor,Male,2024-05-18,1993-10-30,
1503,75,7,Skyler Smith,Male,2024-03-25,1989-01-18,2018-05-28
1504,76,7,Emerson Williams,Male,2021-01-09,1980-09-19,
1505,77,7,Alex Garcia,Male,2020-09-15,1989-11-22,2012-03-02
1506,78,7,Reese Jackson,Male,2021-11-15,1981-12-22,
1507,79,7,Jordan Jackson,Female,2023-08-14,2005-03-18,2024-01-05
1508,80,7,Morgan White,Female,2024-10-18,1985-06-02,
1509,81,7,Jordan Garcia,Female,2021-12-12,1980-09-02,
1510,82,7,Avery Smith,Female,2022-05-21,2000-07-30,
1511,83,7,Cameron Jackson,Female,2024-02-20,1981-12-20,
1512,84,7,Morgan Miller,Female,2025-08-08,1984-07-26,2022-10-07
1513,85,7,Taylor Jones,Male,2023-08-21,1997-06-06,2025-07-23
1514,86,7,Taylor Garcia,Male,2023-07-26,2001-08-17,
1515,87,7,Alex Moore,Female,2024-04-15,2002-12-03,2015-03-20
1516,88,7,Jamie Moore,Male,2022-08-10,1980-12-13,2012-10-13
1517,89,7,Casey Williams,Female,2022-09-24,1983-07-24,
1518,90,7,Avery Davis,Female,2022-04-07,1986-10-20,
1519,91,7,Cameron Smith,Male,2024-12-22,1994-09-29,
1520,92,7,Avery Taylor,Male,2025-11-03,1998-08-11,2016-06-21
1521,93,7,Reese Smith,Male,2023-09-18,1995-05-17,
1522,94,7,Jamie Smith,Male,2022-06-30,1997-02-10,
1523,95,7,Taylor Davis,Male,2020-09-21,2002-01-20,
1524,96,7,Morgan Smith,Male,2022-04-16,1985-08-19,
1525,97,7,Skyler Wilson,Male,2022-08-25,2002-10-05,
1526,98,7,Quinn Davis,Female,2021-11-03,1988-11-10,
1527,99,7,Taylor Moore,Male,2023-05-26,1992-10-19,
1528,100,7,Cameron Williams,Female,2025-05-24,1983-08-03,2018-01-24
1529,101,7,Riley Miller,Male,2025-04-12,1999-10-19,
1530,102,7,Skyler Anderson,Female,2021-09-30,2001-08-15,
1531,103,7,Riley Miller,Male,2023-05-14,2004-02-05,
1532,104,7,Quinn Brown,Female,2024-04-07,2000-10-18,
1533,105,7,Casey Miller,Female,2020-10-21,1994-12-12,
1534,106,7,Parker Williams,Male,2022-02-15,1980-03-09,
1535,107,7,Jamie Anderson,Female,2025-07-05,1998-02-23,2018-11-07
1536,108,7,Quinn Garcia,Female,2025-06-28,1993-10-22,2023-03-13
1537,109,7,Jordan Miller,Male,2021-05-24,1997-04-05,2013-08-23
1538,110,7,Morgan Thomas,Female,2022-11-11,1995-08-21,
1539,111,7,Parker Taylor,Female,2020-08-24,1997-04-14,2015-07-15
1540,112,7,Morgan Davis,Male,2024-01-20,1981-04-07,2024-06-22
1541,113,7,Taylor Jones,Female,2021-08-26,1991-05-29,
1542,114,7,Skyler Taylor,Male,2020-02-20,1985-03-27,2024-06-14
1543,115,7,Quinn White,Female,2024-06-16,1983-08-09,
1544,116,7,Morgan White,Female,2021-11-10,1999-02-23,
1545,117,7,Casey Wilson,Female,2023-06-15,1998-06-18,2011-12-30
1546,118,7,Jordan Taylor,Female,2021-08-07,1992-01-25,2018-12-05
1547,119,7,Quinn Jones,Male,2021-11-20,2002-01-21,
1548,120,7,Jordan Thomas,Female,2025-11-20,1998-09-12,2019-09-01
1549,121,7,Taylor Brown,Female,2022-02-02,1986-01-09,
1550,122,7,Taylor Wilson,Male,2025-01-19,2005-06-09,2014-03-01
1551,123,7,Morgan Smith,Male,2022-02-24,1991-08-20,2019-03-03
1552,124,7,Parker Taylor,Male,2021-11-11,1983-07-31,
1553,125,7,Riley Johnson,Female,2020-09-20,1995-05-07,
1554,126,7,Morgan Davis,Female,2021-02-16,1980-06-04,
1555,127,7,Reese Smith,Male,2021-01-31,1989-06-20,
1556,128,7,Alex Miller,Female,2025-06-13,2001-03-24,2023-07-23
1557,129,7,Riley Garcia,Female,2023-11-06,1994-02-20,2018-02-07
1558,130,7,Cameron Miller,Female,2020-08-22,1995-12-21,2012-03-31
1559,131,7,Alex Davis,Female,2021-07-22,1981-02-24,2021-11-25
1560,132,7,Casey Anderson,Male,2024-02-18,2000-04-09,2024-10-11
1561,133,7,Dakota Davis,Female,2022-02-08,1980-02-21,2017-03-24
1562,134,7,Alex Taylor,Female,2020-07-06,1994-08-08,2015-03-29
1563,135,7,Skyler Davis,Female,2020-11-29,1995-08-17,
1564,136,7,Emerson White,Female,2021-02-15,1997-04-06,
1565,137,7,Morgan Anderson,Male,2025-10-31,2005-08-26,2021-04-26
1566,138,7,Alex Brown,Female,2020-12-22,1993-07-08,2022-04-23
1567,139,7,Dakota Davis,Male,2025-01-01,1985-03-10,
1568,140,7,Jamie Williams,Male,2022-05-16,1987-08-24,2024-10-18
1569,141,7,Quinn Johnson,Male,2024-11-16,1981-04-23,
1570,142,7,Emerson Garcia,Female,2023-02-22,1989-11-19,2024-12-08
1571,143,7,Parker White,Male,2021-07-10,2003-12-23,2021-01-13
1572,144,7,Jordan Thomas,Female,2022-07-05,2005-11-01,2023-06-22
1573,145,7,Jordan Taylor,Female,2024-03-24,1997-02-12,2022-08-09
1574,146,7,Dakota Miller,Male,2022-07-04,1991-08-15,
1575,147,7,Jordan Johnson,Male,2023-10-25,1988-06-09,2012-08-09
1576,148,7,Skyler Garcia,Male,2023-07-07,1997-01-20,
1577,149,7,Alex Jones,Male,2022-02-16,1997-05-30,2017-03-03
1578,150,7,Reese Garcia,Male,2025-10-29,1989-12-18,
1579,151,7,Alex Wilson,Female,2023-07-18,1986-06-28,2016-08-28
1580,152,7,Dakota Williams,Female,2025-02-09,1986-08-12,2013-04-09
1581,153,7,Quinn Taylor,Male,2023-08-04,1993-11-08,
1582,154,7,Quinn Johnson,Female,2025-05-13,1989-09-04,
1583,155,7,Quinn Miller,Male,2023-09-26,1986-11-06,2014-09-22
1584,156,7,Dakota Anderson,Male,2020-08-03,1988-01-12,2018-10-15
1585,157,7,Casey Jackson,Male,2020-03-29,2004-07-30,
1586,158,7,Riley Taylor,Female,2023-11-27,1997-07-22,
1587,159,7,Jamie Anderson,Female,2023-03-02,1988-10-01,2022-04-17
1588,160,7,Riley Johnson,Male,2023-08-17,1982-06-05,2025-11-30
1589,161,7,Casey Davis,Male,2021-07-17,1999-10-27,2016-07-12
1590,162,7,Emerson Brown,Male,2022-06-12,1988-10-10,2010-03-16
1591,163,7,Avery Anderson,Male,2021-08-27,1996-11-21,2019-07-31
1592,164,7,Cameron Jackson,Male,2020-08-18,1984-04-22,
1593,165,7,Parker Brown,Male,2021-04-25,2003-02-13,2023-04-24
1594,166,7,Riley Brown,Female,2022-09-30,1981-07-10,
1595,167,7,Riley Davis,Female,2021-12-07,1996-11-02,2025-01-16
1596,168,7,Cameron Johnson,Female,2024-04-14,1992-05-06,2019-12-26
1597,169,7,Avery Smith,Male,2021-04-22,1983-09-15,
1598,170,7,Cameron Taylor,Male,2020-04-04,2005-09-13,2020-10-03
1599,171,7,Casey Anderson,Male,2022-01-11,1997-03-22,
1600,172,7,Cameron Anderson,Female,2023-05-07,2005-08-19,
1601,173,7,Avery Johnson,Male,2024-07-18,1980-11-19,
1602,174,7,Dakota Wilson,Female,2020-09-18,2003-04-11,2022-02-02
1603,175,7,Quinn Jackson,Male,2022-04-29,1985-04-06,
1604,176,7,Skyler Anderson,Male,2020-01-22,2004-11-18,
1605,177,7,Avery Johnson,Male,2021-06-11,2005-10-18,
1606,178,7,Taylor Johnson,Female,2020-05-23,1983-10-18,2021-05-09
1607,179,7,Casey Garcia,Male,2024-09-28,1980-01-02,
1608,180,7,Alex Wilson,Female,2025-12-27,1999-12-16,
1609,181,7,Parker Anderson,Female,2025-11-10,1995-10-18,2021-06-14
1610,182,7,Morgan Anderson,Male,2020-07-02,1990-08-20,
1611,183,7,Taylor Jones,Male,2021-07-03,2004-10-06,
1612,184,7,Avery Jones,Male,2024-09-24,1983-05-03,
1613,185,7,Casey Miller,Male,2024-06-26,2000-06-16,
1614,186,7,Casey Taylor,Female,2021-08-09,2004-01-15,
1615,187,7,Cameron Anderson,Female,2022-02-28,1996-09-10,
1616,188,7,Cameron Jackson,Male,2024-09-15,1986-11-19,
1617,189,7,Reese Miller,Female,2020-04-16,1991-02-07,
1618,190,7,Jordan Wilson,Male,2024-07-24,1982-12-16,
1619,191,7,Jordan Garcia,Female,2023-01-24,1986-07-25,2015-01-24
1620,192,7,Casey Smith,Male,2024-03-24,1989-12-19,
1621,193,7,Jordan Thomas,Male,2021-12-20,2003-08-13,2016-11-16
1622,194,7,Skyler Jackson,Female,2021-01-26,2003-09-23,
1623,195,7,Skyler Jackson,Female,2023-01-15,1984-06-11,2013-10-30
1624,196,7,Avery Thomas,Female,2022-01-10,1995-06-26,2025-03-15
1625,197,7,Reese Wilson,Female,2025-05-07,1985-09-21,
1626,198,7,Cameron Wilson,Male,2021-06-01,1986-05-26,
1627,199,7,Quinn Jones,Male,2024-02-25,1991-03-05,2019-05-20
1628,200,7,Quinn Davis,Male,2024-12-02,1995-11-17,2021-04-07
1629,201,7,Casey Jones,Female,2025-11-02,1990-04-06,
1630,202,7,Dakota Johnson,Female,2024-07-23,1994-01-10,2024-03-27
1631,203,7,Jordan Johnson,Male,2021-01-18,1987-05-29,
1632,204,7,Jordan Anderson,Female,2025-07-11,1980-06-24,2019-07-06
1633,205,7,Cameron Wilson,Male,2025-05-18,2002-05-01,
1634,206,7,Cameron White,Male,2024-07-18,1980-08-15,2010-03-01
1635,207,7,Quinn Miller,Female,2022-09-27,2003-09-09,2010-12-13
1636,208,7,Skyler Davis,Male,2025-11-14,1990-02-04,
1637,209,7,Avery Jackson,Male,2025-10-05,1995-11-06,2019-06-25
1638,210,7,Parker Miller,Male,2024-03-08,1985-01-29,
1639,211,7,Cameron Williams,Male,2023-04-03,1993-06-02,
1640,212,7,Casey Williams,Male,2024-05-31,1989-10-02,2024-06-03
1641,213,7,Jamie Jackson,Male,2025-03-11,2001-11-25,
1642,214,7,Alex Moore,Female,2023-09-07,1993-05-20,
1643,215,7,Alex Garcia,Male,2024-07-04,1995-11-26,
1644,216,7,Riley Davis,Male,2020-12-13,2003-09-25,
1645,217,7,Taylor Miller,Male,2025-06-19,1980-04-23,
1646,218,7,Cameron Jones,Male,2025-04-11,1997-09-25,
1647,219,7,Avery Miller,Male,2023-01-08,1984-11-15,2024-09-20
1648,220,7,Dakota Davis,Male,2021-07-26,1995-11-13,2010-02-17
1649,221,7,Avery White,Male,2021-03-29,1988-07-02,
1650,222,7,Taylor Miller,Female,2023-09-18,1981-06-01,
1651,223,7,Morgan Davis,Female,2021-05-01,1998-11-21,
1652,224,7,Parker Thomas,Male,2023-08-23,1997-12-08,
1653,225,7,Emerson Anderson,Female,2021-06-22,1984-12-02,2010-06-23
1654,226,7,Taylor Brown,Female,2025-08-10,1980-08-11,2015-04-22
1655,227,7,Alex Taylor,Female,2024-10-25,1980-05-11,
1656,228,7,Casey Jones,Female,2020-12-04,1999-03-29,
1657,229,7,Taylor Anderson,Male,2022-10-18,1992-08-11,2015-11-29
1658,230,7,Quinn Williams,Female,2022-03-23,2001-04-04,2012-04-24
1659,231,7,Quinn Anderson,Male,2022-02-11,1986-09-02,
1660,232,7,Taylor Miller,Male,2023-01-26,1988-08-14,2019-07-25
1661,233,7,Alex Moore,Male,2021-01-07,1982-04-14,
1662,234,7,Jamie Jones,Male,2022-06-27,1995-01-29,
1663,235,7,Alex Wilson,Female,2020-07-30,1993-08-25,
1664,236,7,Avery Jones,Female,2024-09-08,1991-01-29,
1665,237,7,Alex Brown,Male,2020-01-03,1982-05-04,2017-03-19
1666,238,7,Morgan Jones,Female,2023-02-21,1984-07-08,
1667,239,7,Casey Davis,Female,2023-10-01,1993-08-26,
1668,240,7,Cameron Smith,Male,2023-09-18,1996-03-04,2018-02-08
1669,241,7,Quinn Thomas,Female,2022-09-02,1992-05-18,
1670,242,7,Riley Johnson,Male,2021-06-18,1985-05-25,
1671,243,7,Emerson White,Male,2022-03-01,1999-12-30,2011-09-06
1672,244,7,Jamie Moore,Female,2023-05-19,2001-04-09,2014-07-13
1673,245,7,Jamie Anderson,Male,2020-06-28,1985-09-25,
1674,246,7,Jamie Anderson,Female,2023-11-23,1996-06-01,
1675,247,7,Quinn Johnson,Female,2020-10-04,2001-08-28,
1676,248,7,Emerson Wilson,Male,2021-11-14,1992-04-18,2012-11-22
1677,249,7,Casey Smith,Male,2022-02-18,1997-10-30,
1678,250,7,Jamie Jackson,Male,2021-11-08,1999-08-21,2018-08-13
1679,251,7,Jamie Thomas,Female,2024-06-29,1992-03-06,
1680,252,7,Alex Brown,Male,2020-02-06,2003-01-01,
1681,253,7,Quinn Anderson,Female,2023-05-27,1989-11-18,
1682,254,7,Casey Wilson,Male,2021-12-01,1990-01-16,
1683,255,7,Morgan Jones,Male,2021-08-29,1992-06-16,2016-01-25
1684,256,7,Dakota Thomas,Male,2022-10-16,1989-06-02,
1685,257,7,Alex Taylor,Female,2024-02-20,1994-07-23,
1686,258,7,Quinn White,Female,2021-07-01,1998-04-26,2016-08-12
1687,259,7,Avery Smith,Male,2023-12-27,1989-11-01,2016-04-10
1688,260,7,Taylor Jones,Male,2021-03-11,1997-02-18,2015-10-10
1689,261,7,Dakota Taylor,Male,2024-12-16,1989-11-23,
1690,262,7,Morgan Moore,Female,2021-09-29,2000-01-04,
1691,263,7,Quinn Miller,Female,2021-08-30,2001-06-27,
1692,264,7,Taylor Davis,Male,2021-12-22,1988-06-21,
1693,265,7,Quinn Brown,Female,2020-03-27,1993-11-29,
1694,266,7,Taylor Jackson,Female,2022-02-08,1983-02-11,
1695,267,7,Riley Williams,Female,2024-07-06,1984-06-30,2013-01-29
1696,268,7,Quinn Thomas,Male,2021-02-12,1996-12-13,
1697,269,7,Jordan Jackson,Male,2020-06-28,1985-12-05,
1698,270,7,Jordan Jones,Male,2020-02-25,1980-06-02,2012-05-21
1699,271,7,Jamie Anderson,Female,2020-12-14,1989-01-27,
1700,272,7,Reese Moore,Female,2021-10-30,1993-10-15,
1701,273,7,Taylor Williams,Male,2022-12-31,2004-05-20,
1702,274,7,Dakota Smith,Male,2023-04-30,1984-08-07,
1703,275,7,Dakota Miller,Male,2020-01-05,1990-01-23,
1704,276,7,Riley Miller,Male,2023-12-18,1992-11-12,
1705,277,7,Emerson Taylor,Female,2021-04-05,2002-01-22,
1706,278,7,Jordan Williams,Male,2023-02-28,1996-01-11,
1707,279,7,Avery Johnson,Female,2020-12-13,1981-12-11,2013-12-29
1708,280,7,Riley Wilson,Female,2022-01-12,1999-01-28,
1709,281,7,Cameron Taylor,Female,2023-03-21,1995-08-17,2016-01-30
1710,282,7,Emerson Davis,Female,2022-12-23,1983-06-05,2013-05-02
1711,283,7,Reese Taylor,Male,2023-08-04,1986-08-18,
1712,284,7,Quinn Thomas,Female,2020-10-02,1985-01-28,
1713,285,7,Quinn Jones,Male,2021-01-05,1994-06-28,2014-01-29
1714,286,7,Reese Miller,Female,2023-07-31,2002-03-03,
1715,287,7,Quinn Miller,Female,2021-07-20,1991-01-11,
1716,288,7,Jamie Davis,Female,2025-12-21,2004-01-20,2018-08-17
1717,289,7,Jordan Moore,Female,2025-11-28,2005-12-02,2014-12-02
1718,290,7,Quinn Johnson,Male,2024-01-21,1980-02-16,
1719,291,7,Dakota Smith,Female,2025-04-25,1985-12-28,2011-05-04
1720,292,7,Emerson Garcia,Female,2021-07-24,1993-03-21,
1721,293,7,Dakota Jackson,Female,2022-09-20,1989-06-14,2011-04-03
1722,294,7,Quinn Brown,Male,2021-08-09,1996-12-06,2025-08-12
1723,295,7,Riley Garcia,Male,2021-03-10,1983-04-23,
1724,296,7,Skyler Jackson,Male,2020-05-03,1986-08-03,
1725,297,7,Jordan Williams,Male,2020-02-21,2005-07-13,2019-05-05
1726,298,7,Taylor Thomas,Male,2025-04-08,1986-04-14,2025-09-01
1727,299,7,Casey Davis,Female,2023-10-13,1999-12-01,2025-08-05
1728,300,7,Alex Jones,Male,2021-09-30,1982-09-10,2010-09-21
1729,301,7,Skyler Thomas,Male,2025-08-23,1987-03-12,
1730,302,7,Dakota Miller,Female,2022-11-22,2005-08-29,
1731,303,7,Quinn Williams,Female,2021-10-04,1992-03-11,2021-09-12
1732,304,7,Riley Brown,Male,2024-06-28,1982-07-06,
1733,305,7,Taylor Jackson,Male,2025-04-02,2001-05-31,
1734,306,7,Cameron Miller,Female,2021-11-06,1982-06-14,2024-07-03
1735,307,7,Riley Williams,Female,2021-03-20,1984-09-06,
1736,308,7,Skyler Thomas,Female,2020-04-24,1990-09-29,
1737,309,7,Jamie Johnson,Male,2022-05-17,1980-06-28,2016-12-07
1738,310,7,Morgan Wilson,Male,2020-05-12,1990-10-12,
1739,311,7,Skyler Moore,Male,2025-06-04,1982-01-18,
1740,312,7,Jordan Jones,Male,2023-12-31,1992-08-31,2021-03-21
1741,313,7,Morgan Garcia,Female,2023-12-28,1985-10-23,2012-03-08
1742,314,7,Avery Miller,Male,2025-08-18,1986-09-26,
1743,315,7,Reese Miller,Female,2020-06-02,1993-01-05,
1744,316,7,Cameron Davis,Male,2021-01-17,1990-05-22,2025-04-14
1745,317,7,Cameron Brown,Male,2025-08-16,2003-02-28,2023-08-27
1746,318,7,Cameron Wilson,Female,2025-01-06,1985-11-19,
1747,319,7,Avery Moore,Female,2020-06-12,1997-05-21,
1748,320,7,Skyler Moore,Male,2021-09-16,2005-06-06,2021-02-27
1749,321,7,Jordan Thomas,Male,2021-08-07,1993-11-19,
1750,322,7,Reese Thomas,Male,2025-08-05,1984-03-21,
1751,323,7,Taylor White,Female,2021-10-23,1983-01-21,
1752,324,7,Avery Garcia,Male,2020-10-18,1988-01-14,2020-05-02
1753,325,7,Casey Davis,Female,2024-12-15,1986-04-20,2022-10-04
1754,326,7,Parker Smith,Female,2023-03-20,1997-12-25,
1755,327,7,Skyler White,Male,2024-12-10,1996-06-13,
1756,328,7,Skyler Garcia,Female,2020-12-07,1998-07-14,
1757,329,7,Casey White,Male,2020-08-21,1990-12-25,2022-07-31
1758,330,7,Alex Brown,Male,2023-04-05,1996-11-09,
1759,331,7,Riley Jackson,Male,2022-07-02,1997-05-31,2025-01-03
1760,332,7,Jordan Garcia,Female,2025-04-02,2004-01-02,2020-06-05
1761,333,7,Jordan Johnson,Male,2021-03-19,1997-10-21,2014-06-23
1762,334,7,Riley Garcia,Male,2023-07-23,1995-05-12,2020-11-27
1763,335,7,Morgan Anderson,Female,2021-04-13,1992-06-26,
1764,336,7,Jamie Brown,Female,2021-08-19,1989-07-29,
1765,337,7,Alex Moore,Female,2020-09-12,1996-03-19,2020-08-14
1766,338,7,Morgan Smith,Male,2020-04-03,1998-12-21,
1767,339,7,Cameron Brown,Male,2021-08-03,1983-02-08,
1768,340,7,Jordan Jones,Female,2024-09-15,2003-07-16,
1769,341,7,Emerson Jones,Male,2020-08-08,1984-02-23,2019-08-12
1770,342,7,Avery Thomas,Female,2021-11-04,1988-11-27,
1771,343,7,Riley Davis,Female,2021-10-20,1999-08-05,
1772,344,7,Quinn Moore,Female,2020-02-10,2005-02-27,2023-05-24
1773,345,7,Morgan Johnson,Male,2023-08-19,1994-03-13,
1774,346,7,Emerson Davis,Male,2025-08-07,1994-03-12,
1775,347,7,Cameron Miller,Female,2025-11-02,1980-03-01,2012-10-26
1776,348,7,Cameron Davis,Male,2020-05-29,1989-10-21,2014-03-18
1777,349,7,Riley Anderson,Male,2024-03-26,1989-09-11,
1778,350,7,Morgan Taylor,Male,2024-02-25,1996-04-26,
1779,351,7,Emerson Jones,Male,2025-08-06,2000-06-15,
1780,352,7,Avery Garcia,Female,2025-11-12,1995-01-24,
1781,353,7,Taylor Davis,Female,2024-03-08,1987-12-08,
1782,354,7,Taylor Wilson,Female,2024-04-11,1992-10-13,2025-06-11
1783,355,7,Cameron Miller,Female,2021-02-10,1983-12-06,2012-04-30
1784,356,7,Jordan Taylor,Male,2024-08-11,1984-08-25,
1785,357,7,Reese Moore,Male,2024-12-24,2002-07-31,
1786,358,7,Alex Taylor,Female,2024-09-18,1989-07-03,
1787,359,7,Parker Wilson,Female,2021-04-13,1988-10-09,2012-10-16
1788,360,7,Avery Thomas,Female,2024-08-18,1997-10-02,
1789,361,7,Avery Thomas,Male,2025-09-09,1992-09-20,
1790,362,7,Cameron Jones,Female,2024-08-25,1990-11-01,
1791,363,7,Emerson Miller,Male,2020-03-04,1981-03-06,
1792,364,7,Avery Jackson,Female,2023-10-04,1987-08-24,2019-08-24
1793,365,7,Morgan Wilson,Female,2022-02-28,1997-08-23,2022-12-17
1794,366,7,Riley Brown,Female,2021-12-12,1998-01-30,2021-08-08
1795,367,7,Taylor Miller,Male,2021-02-11,1985-08-31,
1796,368,7,Cameron Moore,Female,2022-12-01,2004-10-19,
1797,369,7,Avery Williams,Male,2021-01-17,1981-02-24,
1798,370,7,Cameron Thomas,Male,2020-04-23,2004-05-21,2011-10-08
1799,371,7,Skyler Miller,Male,2021-06-18,2000-05-08,2018-01-12
1800,372,7,Taylor Williams,Male,2023-05-01,1988-09-10,
1801,373,7,Morgan Anderson,Female,2022-12-02,1982-04-27,
1802,374,7,Emerson Brown,Male,2021-02-27,1984-12-22,
1803,375,7,Skyler Johnson,Male,2021-08-03,1992-09-01,
1804,376,7,Taylor Johnson,Male,2025-07-17,1996-03-18,2014-08-31
1805,377,7,Riley Johnson,Female,2020-03-30,1998-07-23,
1806,378,7,Cameron Johnson,Male,2024-09-15,1996-10-31,2024-03-18
1807,379,7,Emerson Davis,Male,2022-01-06,1993-05-26,
1808,380,7,Taylor Taylor,Male,2021-04-25,1995-05-18,2020-11-08
1809,381,7,Skyler Moore,Male,2021-10-10,2003-05-28,2012-09-23
1810,382,7,Morgan Moore,Male,2020-04-04,2003-03-27,
1811,383,7,Taylor Williams,Female,2021-04-15,1989-09-24,
1812,384,7,Taylor Williams,Male,2021-06-02,1992-01-02,
1813,385,7,Morgan Johnson,Female,2023-04-20,2000-12-13,2021-02-13
1814,386,7,Riley Wilson,Female,2022-03-01,1991-03-21,
1815,387,7,Cameron Jackson,Female,2024-05-28,1984-08-12,
1816,388,7,Reese Moore,Female,2021-11-09,1989-03-26,2020-12-10
1817,389,7,Riley White,Female,2024-10-01,1992-03-09,2023-12-21
1818,390,7,Jordan Moore,Female,2024-10-24,1988-12-16,
1819,391,7,Avery White,Male,2025-01-14,1987-07-03,2021-06-21
1820,392,7,Casey Moore,Female,2023-04-17,2003-10-18,
1821,393,7,Alex Johnson,Male,2023-08-14,1999-04-06,2018-01-09
1822,394,7,Morgan Johnson,Male,2024-03-02,1996-09-07,
1823,395,7,Avery Johnson,Male,2023-07-28,1980-06-27,2014-10-18
1824,396,7,Parker Moore,Female,2022-08-10,2005-03-11,
1825,397,7,Casey Moore,Male,2025-11-29,1989-10-02,
1826,398,7,Casey Anderson,Male,2024-09-23,1999-07-10,
1827,399,7,Avery Williams,Male,2020-07-22,2002-02-26,
1828,400,7,Casey Miller,Male,2021-05-23,2000-04-23,
1829,401,7,Avery Moore,Female,2022-08-26,2005-11-08,
1830,402,7,Alex Taylor,Male,2025-03-06,1992-10-03,
1831,403,7,Riley Smith,Male,2023-10-13,1980-09-23,
1832,404,7,Jordan Jackson,Female,2023-05-17,1992-04-27,
1833,405,7,Avery Miller,Male,2023-07-06,2002-02-24,2018-10-28
1834,406,7,Casey Anderson,Female,2025-07-13,1985-06-12,2023-11-11
1835,407,7,Jordan Smith,Male,2020-07-14,1980-06-19,
1836,408,7,Avery Jackson,Female,2022-07-16,1987-08-20,
1837,409,7,Quinn White,Female,2020-01-21,1982-05-10,
1838,410,7,Reese Smith,Male,2020-07-15,1993-08-25,
1839,411,7,Avery Anderson,Female,2023-01-10,1987-08-22,2023-02-01
1840,412,7,Parker Johnson,Male,2023-07-31,1986-08-21,2019-04-09
1841,413,7,Cameron Davis,Male,2025-11-07,2003-09-01,
1842,414,7,Parker Taylor,Female,2023-02-23,1994-06-10,2020-10-29
1843,415,7,Morgan Johnson,Female,2023-04-28,1983-09-18,
1844,416,7,Dakota Jackson,Male,2022-04-23,1983-07-02,
1845,417,7,Parker Smith,Male,2020-02-23,1989-09-11,
1846,418,7,Riley Williams,Female,2021-03-04,1995-04-09,
1847,419,7,Skyler Thomas,Female,2023-07-01,2000-05-13,2021-04-25
1848,420,7,Jordan White,Male,2022-06-15,1996-04-23,
1849,421,7,Parker Jackson,Male,2024-06-27,1988-06-06,
1850,422,7,Riley Brown,Female,2021-02-22,1986-08-10,
1851,423,7,Jordan Anderson,Male,2022-09-12,1980-09-28,2014-03-13
1852,424,7,Casey Smith,Female,2025-12-14,2000-04-21,
1853,425,7,Jordan White,Male,2023-12-22,1999-05-10,
1854,426,7,Riley Wilson,Female,2025-09-11,1994-12-20,
1855,427,7,Casey Garcia,Male,2020-07-20,1997-02-27,2019-06-24
1856,428,7,Morgan Jones,Male,2024-07-07,1987-12-04,
1857,429,7,Jamie Moore,Female,2025-10-25,1999-06-13,
1858,430,7,Alex Taylor,Male,2021-03-30,1989-11-06,
1859,431,7,Emerson Smith,Female,2022-09-04,1982-12-14,
1860,432,7,Casey Williams,Female,2024-05-24,1997-08-16,
1861,433,7,Quinn Jackson,Female,2025-07-21,1989-03-24,
1862,434,7,Morgan Garcia,Female,2023-03-25,1980-02-20,
1863,435,7,Jamie White,Female,2023-06-04,1990-09-14,
1864,436,7,Cameron Johnson,Male,2022-02-06,1994-11-25,2013-03-07
1865,437,7,Alex Taylor,Female,2024-10-18,1994-12-26,
1866,438,7,Casey White,Male,2021-11-30,1980-06-08,
1867,439,7,Parker Moore,Male,2025-06-23,1991-02-07,
1868,440,7,Alex Jackson,Male,2023-04-05,1990-03-29,
1869,441,7,Taylor Thomas,Male,2021-01-19,1984-06-26,
1870,442,7,Quinn Garcia,Female,2025-07-02,1995-09-26,2015-10-10
1871,1,8,Parker Jones,Female,2025-02-22,1980-08-10,2016-10-02
1872,2,8,Quinn Garcia,Female,2021-04-06,1992-02-09,2024-05-08
1873,3,8,Alex Brown,Female,2022-06-21,1986-05-09,
1874,4,8,Alex Williams,Female,2024-01-12,1989-04-03,2014-05-07
1875,5,8,Emerson Miller,Male,2023-01-26,2004-06-10,2020-01-29
1876,6,8,Emerson Wilson,Male,2022-12-22,1995-08-25,2018-10-09
1877,7,8,Skyler Miller,Female,2023-06-20,1988-07-19,
1878,8,8,Jamie Anderson,Female,2021-05-18,1999-06-11,2022-09-17
1879,9,8,Reese Thomas,Female,2023-03-27,1984-12-10,2021-03-11
1880,10,8,Emerson Taylor,Male,2025-03-25,1986-09-27,
1881,11,8,Casey Moore,Male,2023-05-28,2001-11-02,
1882,12,8,Reese Jones,Male,2025-02-02,1981-11-01,
1883,13,8,Dakota Moore,Male,2020-08-05,2001-11-27,
1884,14,8,Riley Garcia,Male,2020-07-23,1991-04-12,
1885,15,8,Emerson Jones,Male,2020-12-18,1992-02-21,
1886,16,8,Quinn Williams,Female,2020-11-26,1993-01-16,
1887,17,8,Parker White,Female,2022-10-15,1997-04-29,
1888,18,8,Emerson Johnson,Female,2023-05-22,1993-12-09,
1889,19,8,Riley Taylor,Female,2021-07-24,1988-12-12,
1890,20,8,Riley Wilson,Male,2023-05-18,1993-09-06,
1891,21,8,Skyler White,Female,2022-01-21,1996-11-11,2019-10-20
1892,22,8,Jordan Brown,Female,2023-07-07,2002-08-07,2025-12-25
1893,23,8,Avery Davis,Female,2024-10-17,2000-12-04,
1894,24,8,Riley Davis,Male,2020-04-18,1998-11-18,
1895,25,8,Taylor Moore,Female,2022-09-20,2002-12-22,
1896,26,8,Skyler Wilson,Female,2020-08-07,1997-08-12,
1897,27,8,Cameron Smith,Female,2025-10-22,2000-08-23,2011-11-25
1898,28,8,Alex Jones,Male,2023-09-27,1984-05-14,2022-09-07
1899,29,8,Parker Anderson,Female,2020-09-06,1985-06-12,2025-02-15
1900,30,8,Jamie Anderson,Male,2022-04-19,2003-02-27,
1901,31,8,Quinn Davis,Male,2022-07-04,1986-12-10,
1902,32,8,Casey Anderson,Male,2025-06-09,1989-01-01,
1903,33,8,Alex Brown,Male,2025-10-30,1984-05-06,
1904,34,8,Jordan Davis,Male,2025-09-02,1999-11-28,
1905,35,8,Emerson Johnson,Female,2024-07-15,2001-09-12,2015-04-09
1906,36,8,Dakota Jackson,Female,2024-12-03,1985-07-11,
1907,37,8,Cameron Smith,Male,2021-08-03,1990-10-18,
1908,38,8,Quinn Anderson,Male,2025-05-04,2001-07-20,
1909,39,8,Cameron Johnson,Female,2024-02-13,1992-05-05,
1910,40,8,Quinn Thomas,Male,2025-03-15,1998-09-13,2013-04-28
1911,41,8,Alex Jones,Female,2021-05-07,2005-04-23,
1912,42,8,Skyler Jones,Male,2024-12-25,1981-11-29,2017-12-15
1913,43,8,Taylor Davis,Female,2023-02-08,1980-05-29,2018-01-09
1914,44,8,Jamie Jackson,Male,2023-11-29,2003-07-21,
1915,45,8,Jordan Brown,Male,2023-12-12,2005-04-05,
1916,46,8,Quinn Jackson,Male,2023-02-14,1993-08-03,2011-07-13
1917,47,8,Emerson Jackson,Female,2024-03-22,2001-02-28,2014-01-17
1918,48,8,Skyler Anderson,Female,2021-06-14,1994-07-15,
1919,49,8,Skyler Garcia,Female,2020-10-03,1982-01-06,
1920,50,8,Quinn Brown,Male,2021-01-30,1984-10-06,
1921,51,8,Cameron Davis,Female,2022-08-06,1990-08-12,
1922,52,8,Emerson Brown,Female,2024-09-16,1982-11-20,
1923,53,8,Casey Johnson,Male,2020-10-25,1999-10-22,2023-08-09
1924,54,8,Cameron Jackson,Male,2021-12-13,1994-05-28,
1925,55,8,Parker Miller,Male,2022-03-29,1988-10-11,
1926,56,8,Parker Taylor,Female,2022-07-12,1989-01-09,2019-09-26
1927,57,8,Dakota Wilson,Male,2020-12-18,1981-02-01,2024-12-30
1928,58,8,Jordan Williams,Male,2021-07-29,1980-03-26,
1929,59,8,Riley Moore,Male,2023-10-27,1988-04-24,2024-05-28
1930,60,8,Jamie Davis,Male,2022-04-29,2005-08-01,2021-03-26
1931,61,8,Avery Garcia,Male,2020-10-02,1999-09-08,
1932,62,8,Riley Jackson,Male,2020-11-16,1985-09-14,2016-09-09
1933,63,8,Jordan Johnson,Female,2022-08-02,1982-04-23,2017-06-03
1934,64,8,Alex Williams,Female,2022-10-26,1997-07-06,2011-07-11
1935,65,8,Dakota Jackson,Male,2023-03-25,1983-05-10,
1936,66,8,Morgan Jackson,Female,2024-06-23,1982-07-17,
1937,67,8,Emerson Johnson,Female,2022-12-13,1981-05-06,
1938,68,8,Riley Jones,Male,2023-10-02,1982-08-31,
1939,69,8,Jamie Jackson,Female,2020-09-12,1990-07-27,
1940,70,8,Reese Moore,Male,2023-11-17,1983-03-05,2023-06-02
1941,71,8,Quinn Moore,Male,2025-05-15,1985-10-22,
1942,72,8,Alex Johnson,Male,2025-07-27,2002-10-08,
1943,73,8,Avery Miller,Female,2023-05-27,1990-03-20,
1944,74,8,Alex Smith,Male,2025-12-28,1997-01-06,2010-05-29
1945,75,8,Jamie Davis,Male,2024-05-04,1996-12-02,2019-08-22
1946,76,8,Quinn Miller,Male,2021-04-18,1999-08-24,
1947,77,8,Skyler White,Female,2023-12-11,1988-09-07,
1948,78,8,Emerson Smith,Male,2022-08-08,1984-02-16,
1949,79,8,Morgan Miller,Male,2020-03-02,1991-03-18,2011-09-20
1950,80,8,Alex Brown,Female,2022-01-09,1992-09-04,
1951,81,8,Avery Moore,Male,2023-04-12,1985-10-26,2020-09-26
1952,82,8,Cameron Johnson,Male,2020-11-08,1991-03-23,2014-08-14
1953,83,8,Parker Anderson,Female,2022-06-21,1999-11-23,2018-03-25
1954,84,8,Reese Wilson,Female,2022-09-27,2003-08-19,2017-02-25
1955,85,8,Quinn Wilson,Male,2020-08-09,1995-07-20,2025-10-28
1956,86,8,Skyler Davis,Female,2020-11-17,1989-02-17,2021-09-07
1957,87,8,Morgan Jones,Male,2021-05-17,1996-09-14,2013-03-08
1958,88,8,Alex Williams,Female,2025-02-01,1985-02-14,
1959,89,8,Dakota Smith,Female,2023-02-12,1997-03-26,
1960,90,8,Jordan Smith,Female,2024-04-21,2002-03-21,
1961,91,8,Riley Miller,Female,2020-06-30,1990-01-25,
1962,92,8,Taylor Taylor,Female,2025-12-21,1982-05-06,2010-09-14
1963,93,8,Jamie Thomas,Female,2020-04-16,1995-01-30,2015-11-21
1964,94,8,Reese Thomas,Male,2020-04-22,1995-04-18,2023-12-10
1965,95,8,Riley Jackson,Female,2020-08-21,1984-11-24,
1966,96,8,Quinn White,Female,2025-12-30,2000-10-16,
1967,97,8,Quinn Moore,Female,2021-10-27,1997-02-07,
1968,98,8,Emerson Williams,Male,2020-03-03,1992-08-03,2016-02-26
1969,99,8,Jordan Williams,Female,2023-10-14,2005-08-13,
1970,100,8,Skyler Jones,Female,2023-01-05,1991-03-28,2023-08-21
1971,101,8,Alex Johnson,Female,2023-08-07,1991-11-12,2019-12-15
1972,102,8,Parker Smith,Female,2020-02-06,2000-12-03,
1973,103,8,Avery Davis,Male,2024-07-31,1982-08-17,
1974,104,8,Jordan Jones,Female,2020-09-19,1999-10-04,
1975,105,8,Reese Thomas,Female,2022-11-29,2002-03-14,
1976,106,8,Cameron Brown,Male,2020-07-22,1990-06-09,
1977,107,8,Alex Brown,Female,2023-07-23,1981-11-18,
1978,108,8,Morgan Smith,Female,2022-11-20,1980-09-21,2017-12-04
1979,109,8,Jamie Anderson,Male,2022-08-19,1995-09-08,
1980,110,8,Jamie Davis,Male,2025-09-24,1983-06-22,
1981,111,8,Avery Moore,Female,2024-08-30,1983-03-15,2016-05-08
1982,112,8,Taylor Smith,Female,2024-01-15,1995-01-10,2024-08-16
1983,113,8,Avery Davis,Female,2020-05-07,1987-03-11,
1984,114,8,Casey White,Male,2020-04-14,1984-10-06,2017-01-08
1985,115,8,Jamie Anderson,Female,2022-05-30,1996-12-28,2010-09-25
1986,116,8,Cameron Anderson,Male,2024-04-09,1983-07-09,2015-01-14
1987,117,8,Skyler Wilson,Female,2021-05-11,2003-09-03,2023-08-14
1988,118,8,Parker Taylor,Female,2023-07-22,1992-01-28,
1989,119,8,Skyler Jones,Male,2023-09-08,1990-11-26,2018-02-13
1990,120,8,Morgan Davis,Female,2021-04-17,1990-10-24,
1991,121,8,Emerson Miller,Female,2020-11-22,1995-10-15,
1992,122,8,Jordan White,Female,2025-06-06,1990-05-02,
1993,123,8,Riley Williams,Male,2022-09-30,1998-04-14,2024-12-08
1994,124,8,Taylor Moore,Female,2023-03-21,1995-04-28,
1995,125,8,Jordan Miller,Female,2025-08-30,1986-08-28,
1996,126,8,Cameron White,Male,2022-01-06,2000-05-14,
1997,127,8,Jordan Miller,Female,2025-04-08,1984-07-12,
1998,128,8,Alex Jackson,Female,2020-04-08,1987-06-28,2012-12-20
1999,129,8,Jamie Jackson,Female,2024-09-25,1995-11-23,
2000,130,8,Quinn Wilson,Male,2023-04-16,1985-05-04,
2001,131,8,Dakota White,Female,2021-03-17,1982-01-11,
2002,132,8,Emerson Garcia,Female,2024-08-01,2000-03-04,2019-10-10
2003,133,8,Casey Thomas,Female,2021-07-05,1988-03-24,2023-03-23
2004,134,8,Emerson Jackson,Male,2021-09-15,1980-05-07,
2005,135,8,Avery Taylor,Female,2024-04-02,1994-05-17,
2006,136,8,Jamie Anderson,Female,2021-01-31,1990-06-02,
2007,137,8,Avery Smith,Female,2023-03-14,1994-06-24,
2008,138,8,Reese Brown,Male,2020-06-20,1989-06-13,
2009,139,8,Casey Moore,Female,2021-02-11,1995-07-31,
2010,140,8,Jordan Jones,Female,2025-06-16,1999-09-09,
2011,141,8,Taylor Jones,Female,2021-03-10,1990-05-23,2013-03-01
2012,142,8,Jordan Williams,Male,2020-04-22,1981-10-13,2022-02-09
2013,143,8,Jamie Thomas,Male,2020-01-28,2001-11-27,2010-07-31
2014,144,8,Avery Williams,Female,2024-10-12,1999-12-15,
2015,145,8,Dakota Davis,Female,2021-03-24,1985-05-19,
2016,146,8,Riley Davis,Female,2020-12-21,1986-02-19,2024-12-31
2017,147,8,Jordan Garcia,Male,2022-06-30,1983-05-03,
2018,148,8,Jamie Garcia,Female,2025-01-31,2003-01-02,2011-08-30
2019,149,8,Quinn Anderson,Female,2020-06-06,1999-06-10,
2020,150,8,Quinn Thomas,Female,2022-02-18,2005-01-14,2024-01-16
2021,151,8,Alex Taylor,Male,2022-10-04,1986-02-20,
2022,152,8,Dakota Williams,Male,2022-12-22,2001-02-01,
2023,153,8,Dakota Brown,Female,2023-03-03,1985-11-29,
2024,154,8,Emerson Johnson,Male,2020-01-14,1999-06-25,
2025,155,8,Jamie Moore,Male,2021-12-30,1981-09-27,
2026,156,8,Casey Moore,Female,2022-08-19,1995-08-23,
2027,157,8,Cameron Brown,Female,2022-08-07,1993-02-07,2020-12-29
2028,158,8,Reese Taylor,Female,2024-01-02,2004-05-17,
2029,159,8,Jordan Williams,Male,2023-03-22,1998-10-27,2017-04-19
2030,160,8,Morgan Taylor,Female,2021-04-19,1987-11-26,
2031,161,8,Avery Taylor,Male,2023-11-24,1997-11-09,2020-11-06
2032,162,8,Dakota Thomas,Female,2024-08-14,1990-07-14,
2033,163,8,Casey Wilson,Male,2024-08-02,1982-09-23,
2034,164,8,Avery Jones,Female,2024-08-11,1997-07-22,2019-07-16
2035,165,8,Riley Jones,Male,2023-01-04,2001-10-11,2017-08-15
2036,166,8,Cameron Jackson,Male,2023-06-17,2000-01-30,
2037,167,8,Skyler White,Male,2022-04-24,1984-12-12,2023-10-04
2038,168,8,Skyler Garcia,Male,2020-03-22,1980-12-11,2012-01-10
2039,169,8,Reese Anderson,Female,2023-12-15,2004-10-19,
2040,170,8,Alex Wilson,Male,2024-01-23,2004-01-08,
2041,171,8,Taylor Jackson,Female,2022-07-28,1993-01-06,2018-05-21
2042,172,8,Avery Miller,Male,2022-10-15,1980-08-11,
2043,173,8,Alex Thomas,Male,2025-08-16,1997-11-06,2010-12-13
2044,174,8,Taylor Jones,Female,2020-04-09,1990-04-26,2025-06-07
2045,175,8,Morgan Smith,Female,2021-05-21,1996-12-12,2012-12-10
2046,176,8,Dakota Anderson,Female,2020-12-13,1983-06-07,
2047,177,8,Quinn Anderson,Female,2020-03-23,1980-08-29,2022-02-24
2048,178,8,Skyler White,Male,2021-01-26,1997-07-18,
2049,179,8,Skyler Jackson,Female,2023-08-18,1999-01-26,
2050,180,8,Alex Jones,Female,2025-02-22,1989-02-02,
2051,181,8,Cameron Moore,Female,2024-03-22,1993-01-23,
2052,182,8,Morgan Miller,Female,2025-06-02,1992-10-03,2021-12-17
2053,183,8,Jamie Williams,Female,2020-03-11,2002-04-18,2018-05-12
2054,184,8,Reese Wilson,Male,2025-01-26,1990-01-19,
2055,185,8,Alex Miller,Male,2025-01-05,1996-08-03,
2056,186,8,Jordan Taylor,Female,2023-09-23,1986-06-13,2011-11-17
2057,187,8,Jordan Wilson,Male,2022-04-30,2001-12-21,
2058,188,8,Jordan Brown,Female,2025-04-23,2003-06-24,2022-09-16
2059,189,8,Reese Williams,Male,2025-07-14,1991-04-22,
2060,190,8,Quinn Garcia,Male,2020-05-29,1994-06-02,2023-06-06
2061,191,8,Riley Jackson,Male,2023-01-03,1989-05-20,2020-12-17
2062,192,8,Jamie Davis,Female,2022-08-23,1994-06-08,
2063,193,8,Parker Wilson,Male,2021-03-06,1999-02-04,2018-06-05
2064,194,8,Taylor Thomas,Male,2021-10-25,2003-04-28,2013-09-23
2065,195,8,Morgan Davis,Male,2020-06-08,1999-01-10,
2066,196,8,Cameron Thomas,Female,2021-07-26,2004-07-16,
2067,197,8,Alex Jones,Male,2024-11-18,1993-03-13,2025-03-06
2068,198,8,Casey Wilson,Female,2024-03-02,2005-04-16,2013-03-05
2069,199,8,Casey Wilson,Male,2024-02-29,2003-04-19,2020-08-03
2070,200,8,Parker Williams,Female,2021-07-08,1987-05-14,
2071,201,8,Dakota Davis,Male,2023-07-25,1998-09-03,
2072,202,8,Parker Johnson,Male,2023-07-01,1988-06-01,
2073,203,8,Jordan Wilson,Female,2023-09-17,1984-03-31,
2074,204,8,Parker Moore,Male,2020-09-30,1995-09-20,2015-01-26
2075,205,8,Avery Taylor,Male,2022-02-28,1992-04-25,
2076,206,8,Emerson Jackson,Female,2023-06-06,1996-06-22,2019-01-17
2077,207,8,Emerson Jones,Male,2020-11-13,1986-11-02,
2078,208,8,Morgan Jones,Male,2022-12-12,2005-04-14,
2079,209,8,Reese Wilson,Female,2023-09-14,2005-10-27,2023-04-14
2080,210,8,Skyler Jones,Female,2022-05-07,1987-07-17,
2081,211,8,Morgan Williams,Male,2021-08-23,1986-06-06,
2082,212,8,Dakota Smith,Female,2020-11-14,1982-05-05,
2083,213,8,Reese Davis,Female,2025-04-16,1994-09-03,
2084,214,8,Reese Johnson,Male,2024-05-29,1996-12-03,2025-11-03
2085,215,8,Parker Garcia,Female,2025-11-08,1994-03-21,
2086,216,8,Emerson Moore,Male,2021-11-11,1992-06-16,2019-10-22
2087,217,8,Jamie Davis,Female,2022-10-23,1985-05-24,
2088,218,8,Riley Taylor,Female,2021-12-30,1981-02-18,2020-06-15
2089,219,8,Reese Taylor,Female,2024-10-03,1989-08-03,2014-04-14
2090,220,8,Riley Garcia,Male,2020-02-13,1988-10-13,
2091,221,8,Jamie Williams,Male,2023-06-25,1994-09-25,
2092,222,8,Avery White,Female,2025-08-21,1980-07-31,2010-10-02
2093,223,8,Cameron Jones,Female,2024-06-19,1981-12-20,2025-10-18
2094,224,8,Casey Jones,Male,2020-05-04,2001-02-12,2024-03-07
2095,225,8,Parker Davis,Male,2025-04-23,2004-06-21,2010-11-09
2096,226,8,Avery Smith,Male,2021-12-25,1985-11-26,
2097,227,8,Dakota Jackson,Male,2020-08-17,1999-11-21,2011-05-26
2098,228,8,Avery Johnson,Female,2022-03-06,1980-09-30,
2099,229,8,Cameron Jackson,Female,2021-11-24,1996-06-05,
2100,230,8,Cameron Miller,Female,2020-09-08,1982-11-30,
2101,231,8,Reese Wilson,Male,2022-12-28,1983-10-07,
2102,232,8,Alex Jones,Male,2025-09-01,1998-05-11,
2103,233,8,Quinn Jackson,Male,2023-06-28,1992-04-12,
2104,234,8,Jordan Garcia,Female,2020-12-18,2005-05-25,2011-12-24
2105,235,8,Jordan White,Male,2022-01-17,1983-11-16,
2106,236,8,Skyler Taylor,Male,2021-11-24,1980-06-20,
2107,237,8,Avery Davis,Male,2022-10-07,1993-10-21,2024-05-28
2108,238,8,Emerson Jackson,Male,2021-06-27,1993-12-05,
2109,239,8,Quinn Jones,Male,2023-02-16,1986-04-19,
2110,240,8,Riley Williams,Male,2023-01-22,1988-12-08,
2111,241,8,Casey Jones,Female,2022-12-19,1984-02-23,
2112,242,8,Skyler Garcia,Female,2025-11-12,2000-03-03,2025-05-30
2113,243,8,Dakota Brown,Male,2024-04-28,1986-12-26,
2114,244,8,Morgan Anderson,Female,2023-11-21,1992-12-12,
2115,245,8,Quinn Wilson,Female,2021-01-06,2003-01-09,2015-10-17
2116,246,8,Morgan Davis,Female,2020-05-08,1985-03-04,
2117,247,8,Cameron Brown,Female,2021-07-26,2000-12-16,
2118,248,8,Avery Moore,Female,2020-05-18,1994-06-17,2024-02-13
2119,249,8,Avery Jackson,Male,2021-10-12,1998-11-26,
2120,250,8,Avery Taylor,Male,2022-02-05,1996-01-22,
2121,251,8,Parker Wilson,Male,2020-03-30,1999-09-10,2020-03-28
2122,252,8,Skyler Moore,Female,2024-06-23,2001-03-30,2015-09-01
2123,253,8,Quinn Garcia,Female,2025-05-30,1997-12-29,
2124,254,8,Emerson White,Male,2025-09-07,1984-11-02,
2125,255,8,Reese Jones,Female,2020-04-26,1987-05-11,
2126,256,8,Emerson Jones,Male,2021-07-25,1985-10-29,2011-03-17
2127,257,8,Jordan Jones,Male,2023-11-18,2000-07-29,
2128,258,8,Parker Smith,Male,2022-03-31,1987-09-20,
2129,259,8,Jordan Brown,Male,2022-04-12,1999-08-01,
2130,260,8,Morgan Brown,Female,2020-01-21,2001-05-30,
2131,261,8,Jordan Davis,Female,2022-05-20,2001-03-09,2020-05-24
2132,262,8,Quinn Williams,Male,2024-05-06,1985-10-06,
2133,263,8,Emerson Brown,Female,2023-09-01,1992-09-13,2019-07-11
2134,264,8,Skyler Miller,Male,2023-11-21,2001-11-26,2023-02-26
2135,265,8,Alex Williams,Male,2022-08-21,1996-07-22,
2136,266,8,Jamie Jackson,Male,2024-06-18,1983-06-19,2013-02-05
2137,267,8,Parker Williams,Male,2022-05-15,1993-07-17,
2138,268,8,Avery Miller,Male,2024-10-09,1986-10-05,
2139,269,8,Riley Taylor,Female,2020-05-22,1991-09-16,2019-06-17
2140,270,8,Taylor Brown,Female,2025-10-20,1984-10-09,
2141,271,8,Jordan Garcia,Male,2024-07-14,1980-07-19,
2142,272,8,Taylor Moore,Female,2025-02-05,1980-07-08,
2143,273,8,Cameron Miller,Female,2020-08-11,1993-08-03,
2144,274,8,Quinn Taylor,Male,2025-01-18,2002-07-09,
2145,275,8,Parker Anderson,Female,2025-12-31,1996-05-13,
2146,276,8,Taylor Miller,Female,2020-11-23,1986-09-29,
2147,277,8,Emerson Anderson,Female,2022-03-20,2003-02-05,2020-03-16
2148,278,8,Riley Smith,Female,2023-02-27,1981-10-14,
2149,279,8,Parker Davis,Female,2020-07-24,1996-07-25,
2150,280,8,Avery Taylor,Female,2020-04-06,2004-05-06,
2151,281,8,Casey Garcia,Female,2020-03-12,2000-01-15,
2152,282,8,Cameron Smith,Male,2024-01-03,1981-08-22,
2153,283,8,Riley Williams,Male,2020-12-10,2003-12-31,
2154,284,8,Quinn Brown,Female,2024-10-31,1992-04-27,
2155,285,8,Parker Anderson,Male,2025-11-14,2005-07-11,
2156,286,8,Jordan Garcia,Female,2020-06-05,1986-08-01,2024-04-21
2157,287,8,Reese White,Male,2024-04-13,2002-12-29,2011-10-08
2158,288,8,Avery White,Female,2024-09-26,1997-12-22,
2159,289,8,Quinn Jones,Male,2024-11-10,1985-03-22,2022-10-21
2160,290,8,Casey Jones,Male,2020-07-19,1996-10-14,
2161,291,8,Morgan Thomas,Female,2023-01-30,1988-04-30,
2162,292,8,Cameron Smith,Female,2022-01-12,1992-10-12,
2163,293,8,Riley Williams,Male,2024-08-24,1985-10-27,
2164,294,8,Parker Moore,Female,2021-02-01,1989-12-05,
2165,295,8,Quinn Garcia,Male,2020-09-18,1992-11-28,2023-09-01
2166,296,8,Dakota Davis,Female,2023-09-08,2004-04-15,
2167,297,8,Emerson Wilson,Male,2023-11-05,1995-04-12,
2168,298,8,Dakota Davis,Male,2025-03-07,2002-05-20,
2169,299,8,Quinn Brown,Female,2022-11-13,1998-01-27,
2170,300,8,Dakota Moore,Male,2025-06-15,2005-03-06,2011-11-12
2171,301,8,Morgan Anderson,Female,2023-05-30,1993-02-02,2020-02-16
2172,302,8,Cameron Davis,Male,2021-09-30,1987-06-24,2022-09-02
2173,303,8,Riley Miller,Male,2023-03-08,2004-12-16,2015-04-07
2174,304,8,Riley White,Male,2024-03-30,1985-07-16,
2175,305,8,Morgan Williams,Male,2023-03-31,1988-01-05,2018-12-30
2176,306,8,Jamie Miller,Female,2022-06-10,1998-10-04,2016-04-03
2177,307,8,Avery Thomas,Female,2021-03-08,1994-04-03,
2178,308,8,Jamie Miller,Male,2024-07-12,2002-03-13,2016-06-03
2179,309,8,Dakota White,Female,2021-10-04,1987-12-20,
2180,310,8,Alex Wilson,Female,2025-03-15,1987-09-23,2012-03-16
2181,311,8,Riley Moore,Female,2024-09-09,1998-05-28,
2182,312,8,Alex Moore,Male,2021-07-21,2002-07-31,2023-06-13
2183,313,8,Skyler Anderson,Female,2020-04-03,1994-07-31,2013-09-25
2184,314,8,Skyler Taylor,Female,2021-01-07,1996-08-10,
2185,315,8,Skyler White,Female,2025-09-25,1988-08-28,2013-08-15
2186,316,8,Parker Garcia,Male,2021-12-18,2001-03-07,2014-06-25
2187,317,8,Avery Brown,Female,2020-09-22,1981-05-21,
2188,318,8,Parker Davis,Male,2024-12-22,1990-11-07,2020-05-07
2189,319,8,Jamie Taylor,Male,2023-09-18,1987-02-22,
2190,320,8,Quinn Johnson,Male,2020-05-12,1998-03-24,2020-07-18
2191,321,8,Dakota Miller,Male,2024-09-04,1991-08-31,2022-01-19
2192,322,8,Jordan Anderson,Male,2024-12-01,2001-07-26,2011-05-05
2193,323,8,Casey Thomas,Female,2020-06-12,1996-04-19,
2194,324,8,Emerson Wilson,Female,2024-10-21,1985-07-25,
2195,325,8,Dakota Jones,Male,2021-11-23,1996-06-09,
2196,326,8,Avery Brown,Male,2025-05-30,1989-06-04,
2197,327,8,Avery Taylor,Male,2025-02-19,2002-01-18,2015-10-31
2198,328,8,Avery Jones,Female,2023-09-16,2000-03-14,2022-09-29
2199,329,8,Casey Moore,Male,2021-07-27,1986-08-22,
2200,330,8,Alex Williams,Female,2024-01-25,1993-01-23,
2201,331,8,Quinn Brown,Female,2025-04-30,1999-09-24,2013-06-19
2202,332,8,Quinn Thomas,Male,2021-08-23,1993-02-10,2015-10-09
2203,333,8,Cameron Williams,Male,2022-05-16,1993-08-03,
2204,334,8,Alex Jones,Female,2025-09-14,2003-03-08,
2205,335,8,Skyler White,Male,2023-11-10,1986-12-28,
2206,336,8,Jamie Garcia,Female,2024-03-28,2001-10-07,2021-10-12
2207,337,8,Parker Brown,Female,2024-04-04,1980-08-21,2011-06-15
2208,338,8,Avery Williams,Female,2022-04-25,1990-01-23,
2209,339,8,Skyler Thomas,Male,2022-03-17,1995-12-28,
2210,340,8,Skyler White,Male,2025-11-16,1990-03-30,2018-02-26
2211,341,8,Cameron Smith,Female,2021-02-08,1994-10-12,
2212,342,8,Casey Wilson,Male,2020-08-17,2000-01-13,
2213,343,8,Morgan Williams,Female,2022-01-18,1990-12-29,
2214,344,8,Quinn Davis,Male,2020-06-13,1991-12-03,
2215,345,8,Jordan Anderson,Male,2020-09-17,1985-12-11,
2216,346,8,Alex Williams,Male,2022-09-26,2001-05-29,
2217,347,8,Jamie White,Male,2023-07-30,1983-04-11,
2218,348,8,Jordan Davis,Male,2025-05-03,1988-11-08,
2219,349,8,Skyler Williams,Female,2023-05-13,2005-07-15,
2220,350,8,Riley Jackson,Male,2024-12-18,1988-09-26,
2221,351,8,Cameron Moore,Female,2020-01-03,1991-04-17,2023-06-28
2222,352,8,Casey Davis,Male,2023-09-08,2002-10-03,
2223,353,8,Casey Taylor,Female,2022-12-18,2003-11-15,
2224,354,8,Casey Taylor,Female,2024-12-07,1984-12-31,2014-02-01
2225,1,9,Alex Garcia,Female,2025-07-23,1987-04-26,
2226,2,9,Reese Miller,Female,2021-01-22,1999-11-18,
2227,3,9,Cameron Wilson,Male,2022-03-03,1984-11-16,2014-10-13
2228,4,9,Casey Wilson,Female,2023-08-03,2003-10-17,
2229,5,9,Cameron Jones,Male,2021-09-25,1994-07-10,
2230,6,9,Reese Miller,Male,2021-10-08,1987-01-18,
2231,7,9,Jamie Davis,Female,2023-01-08,1990-04-05,2020-08-02
2232,8,9,Emerson Jackson,Female,2024-02-27,1986-07-03,
2233,9,9,Quinn Garcia,Female,2025-01-16,1993-10-25,
2234,10,9,Riley Thomas,Female,2020-01-24,1998-02-15,
2235,11,9,Riley Garcia,Male,2025-02-14,1992-04-19,
2236,12,9,Quinn Williams,Male,2022-11-14,1993-03-22,2010-07-13
2237,13,9,Avery Miller,Female,2023-08-27,2005-01-12,
2238,14,9,Morgan Thomas,Male,2025-08-22,1999-09-28,2012-05-25
2239,15,9,Jordan Williams,Male,2023-08-26,2001-07-08,2023-04-20
2240,16,9,Parker Smith,Female,2025-06-17,1991-03-17,
2241,17,9,Skyler Moore,Female,2020-08-30,1984-07-19,
2242,18,9,Avery Jones,Female,2024-11-29,1992-09-30,
2243,19,9,Taylor White,Male,2023-08-22,1998-07-24,2013-05-17
2244,20,9,Skyler Jones,Male,2020-12-26,1999-08-29,
2245,21,9,Skyler Wilson,Female,2025-12-15,1993-01-26,2013-02-24
2246,22,9,Reese Thomas,Male,2023-07-09,1996-03-15,2020-01-01
2247,23,9,Quinn White,Male,2022-01-24,1994-05-30,
2248,24,9,Parker Garcia,Female,2022-03-26,1991-08-14,
2249,25,9,Quinn White,Male,2021-07-28,1985-05-06,2019-08-02
2250,26,9,Riley Thomas,Female,2020-07-15,2003-09-14,
2251,27,9,Jamie Garcia,Male,2024-11-25,1981-06-09,2017-05-03
2252,28,9,Reese Wilson,Female,2023-03-03,2005-10-13,
2253,29,9,Jordan Anderson,Male,2021-01-12,2005-01-16,2021-12-05
2254,30,9,Taylor Thomas,Male,2025-04-02,1988-07-24,2025-05-04
2255,31,9,Riley Jackson,Female,2025-03-22,2000-03-29,2013-05-31
2256,32,9,Cameron Garcia,Male,2022-01-14,2005-10-20,
2257,33,9,Jamie Thomas,Female,2020-03-28,1998-01-03,
2258,34,9,Alex Moore,Female,2020-03-18,1980-05-19,
2259,35,9,Riley Brown,Female,2022-07-01,1994-08-26,
2260,36,9,Cameron Taylor,Male,2023-12-23,2005-11-16,
2261,37,9,Reese Brown,Male,2023-06-17,1988-02-23,
2262,38,9,Jamie Moore,Male,2021-06-05,2004-03-23,
2263,39,9,Jordan Garcia,Female,2022-07-31,1989-05-14,
2264,40,9,Taylor Miller,Female,2022-08-12,1989-09-29,2010-08-12
2265,41,9,Taylor White,Female,2021-05-19,1996-10-28,
2266,42,9,Dakota Anderson,Male,2024-04-07,1982-03-17,
2267,43,9,Riley Williams,Male,2024-04-07,1985-08-04,
2268,44,9,Taylor Wilson,Male,2021-10-29,1989-05-27,
2269,45,9,Parker Anderson,Female,2023-07-21,1998-08-15,
2270,46,9,Jordan Thomas,Female,2025-05-11,1991-06-14,
2271,47,9,Parker Smith,Male,2024-04-05,1998-11-03,
2272,48,9,Dakota Johnson,Female,2024-01-16,1993-11-26,2019-09-27
2273,49,9,Dakota Taylor,Female,2022-07-28,1983-10-15,2018-09-28
2274,50,9,Emerson Davis,Male,2023-01-30,1994-07-02,
2275,51,9,Dakota Williams,Male,2020-02-07,1985-09-27,
2276,52,9,Taylor Anderson,Female,2020-06-08,1982-09-29,
2277,53,9,Morgan Jackson,Female,2024-03-02,1998-08-11,2019-05-28
2278,54,9,Taylor Brown,Male,2022-01-13,1996-05-17,2012-06-15
2279,55,9,Reese Brown,Male,2025-07-30,1989-02-25,
2280,56,9,Cameron Garcia,Female,2023-08-08,1981-04-11,2017-06-09
2281,57,9,Alex White,Female,2020-05-20,1986-06-22,2011-01-16
2282,58,9,Jamie Miller,Male,2021-10-09,1984-06-28,
2283,59,9,Emerson Williams,Male,2024-09-15,1982-12-22,
2284,60,9,Parker Davis,Female,2024-12-08,1986-01-11,2024-04-14
2285,61,9,Alex Jones,Female,2025-04-07,1991-07-10,
2286,62,9,Cameron Wilson,Female,2021-01-29,2001-06-07,
2287,63,9,Dakota Jackson,Male,2021-05-30,1989-11-02,
2288,64,9,Reese Brown,Male,2020-12-02,1984-04-02,2016-05-01
2289,65,9,Emerson Moore,Male,2022-10-20,1990-02-23,
2290,66,9,Quinn Taylor,Female,2023-09-08,2000-09-23,2021-08-30
2291,67,9,Jamie Moore,Female,2021-06-23,1994-09-17,
2292,68,9,Cameron Brown,Male,2024-04-26,1982-02-25,2014-02-01
2293,69,9,Alex Brown,Male,2022-09-01,1987-04-06,
2294,70,9,Alex Moore,Female,2025-06-04,1995-06-05,
2295,71,9,Dakota Jackson,Female,2025-01-25,1989-08-20,
2296,72,9,Casey Wilson,Female,2021-04-27,1992-07-12,2021-07-16
2297,73,9,Emerson Garcia,Female,2022-02-02,1991-06-14,
2298,74,9,Dakota Davis,Female,2021-01-30,1995-05-11,2015-11-24
2299,75,9,Jordan Thomas,Female,2024-10-13,1981-02-20,2012-10-31
2300,76,9,Jordan Williams,Female,2021-03-31,1985-05-24,
2301,77,9,Casey Brown,Female,2023-06-11,2000-04-19,
2302,78,9,Jordan Jackson,Male,2024-06-16,2002-12-01,
2303,79,9,Dakota Taylor,Male,2020-03-09,1988-11-29,2017-12-09
2304,80,9,Jamie Moore,Male,2025-12-13,2003-07-21,
2305,81,9,Jamie Garcia,Male,2025-12-14,1987-06-25,
2306,82,9,Jordan Taylor,Male,2022-07-15,1986-10-27,
2307,83,9,Skyler Miller,Male,2023-02-14,1982-03-12,2018-12-28
2308,84,9,Casey Miller,Female,2025-05-05,2000-12-28,
2309,85,9,Quinn Jones,Male,2020-11-02,1991-04-10,2024-12-26
2310,86,9,Casey Williams,Male,2020-08-30,1998-05-29,
2311,87,9,Parker Jackson,Male,2022-09-20,1997-07-20,2024-06-28
2312,88,9,Riley Miller,Male,2022-10-15,1995-09-20,
2313,89,9,Casey Brown,Female,2021-05-20,1986-10-23,
2314,90,9,Taylor Taylor,Female,2023-09-03,1980-06-25,2021-09-04
2315,91,9,Casey Wilson,Male,2025-04-13,1990-06-01,2016-09-13
2316,92,9,Dakota Johnson,Female,2021-09-21,1983-02-27,2017-08-28
2317,93,9,Emerson Jones,Male,2024-04-11,1991-06-17,
2318,94,9,Parker Miller,Male,2025-06-18,1993-01-21,
2319,95,9,Jordan Johnson,Female,2022-09-15,2002-03-08,2019-09-13
2320,96,9,Riley Smith,Male,2023-02-21,1992-05-16,2024-05-12
2321,97,9,Jamie Garcia,Female,2022-10-26,1995-12-31,
2322,98,9,Jordan Anderson,Female,2022-09-21,2002-03-15,
2323,99,9,Riley Taylor,Female,2021-03-01,2001-11-19,
2324,100,9,Dakota Moore,Female,2025-10-26,1997-02-28,
2325,101,9,Jordan Moore,Male,2021-01-23,1985-04-08,2015-05-09
2326,102,9,Avery Moore,Female,2024-05-31,1981-10-15,
2327,103,9,Reese Davis,Female,2025-11-11,1981-09-02,2024-02-02
2328,104,9,Quinn Thomas,Female,2020-04-15,1989-09-09,
2329,105,9,Alex Taylor,Female,2021-02-08,1993-02-09,2010-08-21
2330,106,9,Quinn Davis,Female,2024-01-08,1995-06-07,
2331,107,9,Morgan Jones,Female,2020-07-14,1994-07-22,
2332,108,9,Cameron Jones,Male,2022-05-07,2005-01-19,2022-04-11
2333,109,9,Cameron Garcia,Female,2023-11-28,1987-09-19,2011-12-30
2334,110,9,Avery Garcia,Male,2023-07-20,1993-09-19,
2335,111,9,Quinn Johnson,Female,2023-07-05,2002-04-21,2018-08-02
2336,112,9,Morgan Jones,Female,2023-12-07,1995-02-12,2018-02-09
2337,113,9,Reese Brown,Male,2023-08-15,1980-09-17,
2338,114,9,Skyler Jones,Female,2021-12-29,1997-11-07,2011-09-15
2339,115,9,Morgan Johnson,Male,2024-07-15,1991-10-25,
2340,116,9,Avery Wilson,Female,2024-06-13,1985-12-19,2012-04-28
2341,117,9,Dakota Anderson,Female,2020-12-02,1994-07-11,2019-12-05
2342,118,9,Dakota Smith,Male,2021-09-26,1992-04-12,
2343,119,9,Morgan Jackson,Male,2022-10-01,1990-02-17,
2344,120,9,Reese Williams,Male,2020-02-20,1993-04-24,
2345,121,9,Alex Jackson,Female,2024-12-02,1998-08-05,
2346,122,9,Skyler Williams,Female,2022-02-01,2003-04-06,
2347,123,9,Cameron Moore,Female,2022-12-07,1996-04-29,2015-11-30
2348,124,9,Riley Garcia,Female,2022-08-19,1994-05-12,
2349,125,9,Jordan Anderson,Male,2023-08-10,1991-01-28,2022-12-26
2350,126,9,Taylor Johnson,Female,2023-07-08,1984-09-13,2023-07-20
2351,127,9,Morgan Anderson,Female,2022-07-06,2000-11-14,
2352,128,9,Dakota Smith,Female,2024-11-28,2002-04-20,
2353,129,9,Jordan Brown,Male,2025-01-10,2005-01-27,2017-10-18
2354,130,9,Parker Jackson,Male,2020-09-18,1995-11-24,
2355,131,9,Quinn Jones,Female,2020-04-22,2002-01-06,
2356,132,9,Reese Brown,Female,2022-05-31,2000-04-12,
2357,133,9,Quinn Taylor,Female,2023-09-15,1990-06-07,
2358,134,9,Emerson Wilson,Female,2021-08-13,2004-03-16,2023-03-01
2359,135,9,Avery Jackson,Male,2020-08-04,1996-01-28,
2360,136,9,Reese Johnson,Male,2025-12-09,1998-07-23,2014-05-14
2361,137,9,Morgan Moore,Male,2022-01-12,1981-04-28,2021-02-06
2362,138,9,Quinn Johnson,Female,2020-12-30,1984-03-22,2022-11-16
2363,139,9,Quinn Taylor,Female,2024-07-27,1997-02-07,2013-02-08
2364,140,9,Dakota Garcia,Male,2021-01-27,1993-12-16,
2365,141,9,Quinn Miller,Female,2025-08-08,1984-01-26,
2366,142,9,Riley Williams,Male,2023-12-09,1983-08-29,
2367,143,9,Reese Johnson,Female,2020-03-24,1982-09-24,2011-04-30
2368,144,9,Cameron Garcia,Male,2021-11-21,1980-01-29,2021-11-13
2369,145,9,Alex Smith,Female,2024-04-24,1993-09-26,
2370,146,9,Emerson Moore,Female,2020-10-11,1987-09-25,
2371,147,9,Skyler Davis,Male,2022-06-13,1995-06-27,
2372,148,9,Cameron White,Male,2024-03-12,2005-09-30,
2373,149,9,Parker Anderson,Male,2025-09-09,1986-09-04,2019-12-26
2374,150,9,Alex Moore,Male,2021-05-07,1993-12-24,2012-06-01
2375,151,9,Avery Taylor,Male,2025-10-24,1987-07-05,2021-02-28
2376,152,9,Morgan Moore,Male,2023-10-13,2000-05-24,2022-04-17
2377,153,9,Dakota Miller,Female,2021-04-21,2004-11-14,
2378,154,9,Morgan Garcia,Male,2022-09-07,2002-01-05,
2379,155,9,Riley Smith,Female,2020-08-28,2001-07-20,2024-10-17
2380,156,9,Quinn Thomas,Male,2025-10-30,1984-01-30,2017-03-10
2381,157,9,Emerson Wilson,Female,2022-04-03,1992-09-03,
2382,158,9,Parker Thomas,Male,2023-04-14,1999-02-14,
2383,159,9,Riley Johnson,Female,2020-04-07,2002-01-13,
2384,160,9,Jamie Davis,Female,2023-06-06,2002-04-27,2016-06-10
2385,161,9,Reese Taylor,Male,2025-11-30,1981-11-13,
2386,162,9,Jordan Jones,Male,2023-07-08,1982-02-24,
2387,163,9,Alex Jones,Female,2022-02-10,1995-10-12,2011-03-06
2388,164,9,Dakota Jackson,Female,2025-09-13,2003-07-03,2021-05-30
2389,165,9,Avery Taylor,Male,2022-05-28,1984-06-04,
2390,166,9,Taylor White,Male,2023-08-04,1983-04-10,2021-02-09
2391,167,9,Morgan Moore,Male,2020-07-04,1997-02-10,
2392,168,9,Quinn Johnson,Female,2020-01-20,1990-10-13,2017-06-02
2393,169,9,Taylor Miller,Male,2024-03-02,1998-01-11,
2394,170,9,Taylor Moore,Male,2022-11-23,1998-12-19,2025-12-05
2395,171,9,Dakota White,Female,2022-04-19,1992-03-24,
2396,172,9,Alex Miller,Female,2024-03-24,1992-06-22,2014-04-02
2397,173,9,Dakota Thomas,Female,2022-11-04,1980-06-19,2018-11-14
2398,174,9,Alex Anderson,Female,2021-06-11,1990-01-01,
2399,175,9,Jordan Johnson,Male,2025-06-24,1982-12-25,
2400,176,9,Avery Brown,Female,2024-06-19,1992-10-10,
2401,177,9,Casey Jackson,Female,2021-03-20,1985-05-10,
2402,178,9,Emerson White,Male,2020-12-20,2004-11-19,2014-07-03
2403,179,9,Taylor Wilson,Male,2025-04-04,2001-06-23,
2404,180,9,Morgan Smith,Female,2022-01-25,1983-10-01,2011-07-07
2405,181,9,Morgan Miller,Female,2024-11-29,1986-05-27,
2406,182,9,Reese Smith,Male,2022-05-11,1994-04-05,
2407,183,9,Alex Brown,Female,2022-10-24,1987-11-15,
2408,184,9,Morgan White,Male,2024-05-21,1997-01-17,
2409,185,9,Casey Wilson,Male,2022-07-11,1988-04-02,2017-07-14
2410,186,9,Cameron Anderson,Female,2020-04-13,1999-10-05,
2411,187,9,Morgan Moore,Female,2021-10-21,1986-06-06,
2412,188,9,Avery Smith,Male,2020-09-23,1998-05-22,
2413,189,9,Alex Moore,Male,2023-08-10,1996-08-12,
2414,190,9,Emerson Johnson,Male,2020-01-25,1997-02-05,
2415,191,9,Alex Jackson,Female,2021-05-05,1990-01-26,2010-10-16
2416,192,9,Skyler Wilson,Male,2020-03-22,2001-05-15,2024-06-18
2417,193,9,Riley Jones,Female,2025-01-15,1990-08-29,2023-09-28
2418,194,9,Casey Garcia,Female,2025-05-16,1986-11-14,
2419,195,9,Emerson Garcia,Male,2021-08-14,1992-11-12,2013-11-29
2420,196,9,Riley Jones,Male,2024-02-16,1980-12-09,
2421,197,9,Casey Brown,Male,2025-02-26,1998-05-29,2022-02-22
2422,198,9,Dakota Williams,Female,2021-05-27,1995-10-31,
2423,199,9,Riley Miller,Female,2025-03-01,2000-04-15,
2424,200,9,Riley Davis,Female,2023-10-15,1994-08-16,2012-12-26
2425,201,9,Quinn Wilson,Male,2022-10-04,1989-09-24,2022-10-01
2426,202,9,Morgan Jackson,Female,2025-03-12,2004-08-03,2019-02-27
2427,203,9,Avery Taylor,Female,2022-05-24,1997-08-15,
2428,204,9,Jordan Wilson,Female,2023-05-15,1998-06-27,
2429,205,9,Morgan Garcia,Male,2024-04-23,2003-03-19,
2430,206,9,Parker Smith,Male,2024-04-29,2005-06-14,2016-02-18
2431,207,9,Quinn Taylor,Male,2024-07-04,2005-10-17,2014-06-09
2432,208,9,Taylor Miller,Female,2025-04-03,1991-01-08,2012-12-05
2433,209,9,Reese White,Female,2023-07-19,2003-10-20,2010-10-17
2434,210,9,Cameron Johnson,Male,2020-12-17,1980-12-17,
2435,211,9,Dakota Jackson,Male,2023-09-19,1984-01-13,
2436,212,9,Emerson Garcia,Male,2021-09-08,1989-07-21,
2437,213,9,Jordan Garcia,Female,2025-01-03,2001-04-23,
2438,214,9,Taylor Jones,Female,2021-02-19,2005-03-15,
2439,215,9,Emerson Brown,Male,2024-08-27,1985-04-24,
2440,216,9,Skyler Miller,Male,2025-04-07,1992-08-12,2015-08-06
2441,217,9,Jordan Taylor,Male,2024-12-27,1984-05-09,2013-01-15
2442,218,9,Emerson Miller,Female,2024-04-02,2001-05-23,
2443,219,9,Alex Moore,Female,2024-12-11,2005-08-27,
2444,220,9,Emerson Smith,Female,2023-11-09,1995-03-29,2018-04-19
2445,221,9,Jordan Brown,Male,2023-05-14,1997-08-28,2012-06-28
2446,222,9,Emerson Thomas,Male,2023-08-06,1993-02-10,2011-11-12
2447,223,9,Avery Moore,Female,2020-03-06,1998-09-27,2018-03-11
2448,224,9,Dakota Jones,Male,2025-10-03,1992-07-27,2010-07-12
2449,225,9,Parker Garcia,Male,2020-08-01,1990-09-17,2015-11-26
2450,226,9,Parker Miller,Female,2020-06-14,1992-03-28,2024-09-23
2451,227,9,Parker Taylor,Male,2023-09-25,2004-09-23,
2452,228,9,Dakota White,Male,2020-03-19,1993-07-30,
2453,229,9,Emerson Davis,Female,2024-05-09,1981-08-12,2016-01-24
2454,230,9,Quinn Miller,Female,2024-02-11,2002-12-29,2019-07-10
2455,231,9,Riley Anderson,Female,2021-06-26,1995-07-13,2022-05-23
2456,232,9,Morgan Davis,Female,2022-12-28,1983-09-26,2025-01-25
2457,233,9,Jordan Thomas,Female,2025-09-15,1985-02-02,
2458,234,9,Taylor Thomas,Male,2022-09-22,1983-05-04,
2459,235,9,Jordan Brown,Male,2020-12-23,1983-05-20,
2460,236,9,Alex Anderson,Female,2020-10-15,1987-01-03,
2461,237,9,Dakota Davis,Female,2021-03-09,1985-06-21,
2462,238,9,Taylor Williams,Male,2022-01-30,1984-02-11,2012-01-21
2463,239,9,Alex Miller,Male,2022-05-11,1982-03-30,2018-09-05
2464,240,9,Avery Taylor,Male,2025-05-03,1988-11-06,2021-02-09
2465,241,9,Skyler Anderson,Male,2025-04-05,1992-12-02,2023-04-11
2466,242,9,Dakota Jackson,Male,2024-12-17,1988-04-17,
2467,243,9,Jordan Brown,Male,2022-12-14,1986-06-15,2022-11-27
2468,244,9,Morgan Anderson,Male,2020-11-06,1988-06-10,
2469,245,9,Avery Thomas,Male,2021-10-27,1997-09-14,2023-04-15
2470,246,9,Casey Moore,Female,2025-09-06,1992-10-20,
2471,247,9,Casey Jackson,Female,2022-09-13,2003-10-19,
2472,248,9,Emerson Taylor,Female,2023-02-26,1987-03-27,
2473,249,9,Jordan Davis,Female,2020-09-04,1999-04-17,
2474,250,9,Reese White,Female,2020-02-19,1983-12-16,
2475,251,9,Reese White,Female,2020-09-26,2005-07-13,
2476,252,9,Dakota Garcia,Female,2024-01-06,2001-07-20,
2477,253,9,Casey Thomas,Female,2023-07-07,2004-06-27,2014-04-08
2478,254,9,Morgan Moore,Male,2020-06-23,1995-10-30,
2479,255,9,Emerson Davis,Female,2024-07-09,2000-10-18,2020-06-01
2480,256,9,Parker Brown,Male,2024-04-28,1998-10-27,2013-02-16
2481,257,9,Reese Garcia,Female,2021-09-03,1997-12-01,
2482,258,9,Riley Thomas,Male,2021-09-10,1988-04-01,
2483,259,9,Alex Miller,Female,2021-09-05,1992-02-25,
2484,260,9,Alex Davis,Female,2021-10-10,1993-08-12,2022-04-28
2485,261,9,Casey Williams,Male,2025-06-15,2002-05-22,
2486,262,9,Dakota Brown,Female,2020-09-01,1995-11-07,2011-07-03
2487,263,9,Avery Anderson,Female,2023-03-31,1986-05-06,
2488,264,9,Parker Thomas,Male,2024-09-01,2002-01-01,
2489,1,10,Cameron Brown,Female,2023-06-26,1999-03-30,2023-06-09
2490,2,10,Taylor Wilson,Female,2023-10-29,1996-09-30,2012-11-15
2491,3,10,Avery Moore,Female,2020-09-15,1980-10-17,
2492,4,10,Riley Williams,Male,2023-08-29,1990-06-21,2017-01-04
2493,5,10,Cameron White,Female,2023-02-23,2004-11-23,
2494,6,10,Reese Garcia,Male,2021-06-04,1994-06-08,2022-11-02
2495,7,10,Emerson Williams,Male,2022-10-17,2001-12-01,
2496,8,10,Emerson Smith,Female,2025-09-23,1984-04-15,
2497,9,10,Taylor Moore,Female,2020-11-29,2003-09-27,
2498,10,10,Skyler White,Female,2020-10-01,2000-02-29,
2499,11,10,Morgan Thomas,Female,2021-08-09,1996-04-26,2011-04-29
2500,12,10,Parker Williams,Male,2020-01-13,1994-09-05,
2501,13,10,Skyler Davis,Male,2023-01-22,1994-05-10,
2502,14,10,Avery Moore,Male,2022-02-09,1985-05-26,
2503,15,10,Alex Anderson,Male,2025-11-14,2002-08-12,
2504,16,10,Reese Miller,Female,2020-02-14,1993-05-17,
2505,17,10,Taylor Jones,Male,2020-04-28,1998-11-26,
2506,18,10,Parker Thomas,Male,2025-01-03,1997-02-19,
2507,19,10,Skyler Davis,Female,2021-03-17,1992-04-08,
2508,20,10,Morgan Anderson,Female,2023-03-12,1987-04-22,
2509,21,10,Avery Smith,Male,2020-08-02,1994-08-24,
2510,22,10,Avery Brown,Female,2024-03-16,2004-09-04,
2511,23,10,Riley Taylor,Female,2024-06-08,1987-12-26,
2512,24,10,Dakota Thomas,Male,2023-03-04,1994-07-14,
2513,25,10,Skyler Smith,Male,2021-06-24,2002-04-12,
2514,26,10,Jordan Brown,Male,2021-02-22,2003-06-14,
2515,27,10,Quinn Williams,Male,2024-01-15,1996-01-07,
2516,28,10,Riley Garcia,Male,2025-07-10,1997-12-19,
2517,29,10,Jamie Miller,Female,2021-09-26,2004-08-02,2014-08-25
2518,30,10,Parker Brown,Male,2022-12-04,1990-03-14,
2519,31,10,Cameron Taylor,Male,2020-08-02,1990-02-11,
2520,32,10,Alex Williams,Male,2021-09-17,1986-03-05,
2521,33,10,Avery Miller,Female,2020-03-19,2002-11-20,2021-01-15
2522,34,10,Alex Taylor,Female,2020-10-05,1981-10-19,
2523,35,10,Alex Williams,Male,2025-07-06,1980-04-27,
2524,36,10,Jordan Moore,Female,2025-09-16,1987-05-13,
2525,37,10,Taylor Wilson,Male,2023-02-26,1991-12-01,
2526,38,10,Jamie Miller,Male,2022-04-05,1991-06-30,
2527,39,10,Avery White,Female,2024-05-27,1985-05-06,2020-02-17
2528,40,10,Alex Davis,Female,2022-04-18,1988-04-16,
2529,41,10,Riley Thomas,Male,2022-04-22,1988-12-23,2016-09-12
2530,42,10,Dakota Anderson,Male,2023-05-27,1996-03-10,
2531,43,10,Cameron Taylor,Male,2022-10-30,1989-09-22,
2532,44,10,Casey Smith,Male,2022-01-11,1994-12-24,
2533,45,10,Quinn Miller,Female,2025-02-18,1997-07-12,2013-09-15
2534,46,10,Emerson Davis,Female,2023-03-14,1991-02-23,
2535,47,10,Jordan White,Male,2020-05-07,1982-03-30,2016-02-25
2536,48,10,Emerson Smith,Female,2024-12-27,1997-02-09,2013-07-30
2537,49,10,Jordan Smith,Female,2022-05-31,1988-07-22,2018-05-13
2538,50,10,Jordan Jones,Female,2020-04-01,1993-05-05,2012-09-10
2539,51,10,Casey Brown,Female,2025-02-14,1989-03-07,
2540,52,10,Cameron Anderson,Male,2025-05-05,1987-10-31,
2541,53,10,Jordan Anderson,Male,2025-02-07,2005-01-02,
2542,54,10,Alex Anderson,Female,2020-09-16,1986-11-16,
2543,55,10,Riley Taylor,Female,2020-05-02,1981-08-31,
2544,56,10,Dakota Davis,Female,2021-12-17,1980-08-05,
2545,57,10,Alex Taylor,Male,2023-02-24,1992-08-18,2014-07-19
2546,58,10,Reese Jones,Male,2023-01-18,1988-06-08,
2547,59,10,Parker Thomas,Male,2020-06-29,2005-04-06,2019-10-07
2548,60,10,Jamie Anderson,Female,2022-08-06,1982-02-13,
2549,61,10,Jordan Moore,Female,2025-02-11,2001-03-12,
2550,62,10,Avery Taylor,Female,2021-08-19,1994-05-21,2017-10-11
2551,63,10,Riley Brown,Female,2024-03-04,2000-12-20,2016-07-23
2552,64,10,Taylor Jackson,Female,2024-07-28,1996-02-29,2011-12-10
2553,65,10,Skyler Jones,Male,2023-09-25,1996-02-02,2020-02-10
2554,66,10,Reese Wilson,Male,2020-06-24,1995-05-29,
2555,67,10,Dakota Taylor,Male,2023-10-31,2004-03-25,2013-07-30
2556,68,10,Dakota Thomas,Male,2022-04-23,1997-10-11,
2557,69,10,Riley White,Male,2025-08-15,2004-05-26,
2558,70,10,Jordan Moore,Male,2022-11-09,2004-09-09,2013-09-11
2559,71,10,Quinn Williams,Female,2025-06-26,1985-03-30,
2560,72,10,Dakota Thomas,Female,2024-06-05,2003-06-19,2018-10-23
2561,73,10,Morgan Moore,Female,2024-07-29,1984-10-09,
2562,74,10,Cameron Davis,Male,2022-02-10,1980-01-10,2021-04-25
2563,75,10,Reese Johnson,Female,2021-08-14,1983-03-29,2016-11-16
2564,76,10,Morgan Thomas,Female,2023-05-25,1989-05-21,
2565,77,10,Jordan Jackson,Male,2020-04-06,1980-09-22,
2566,78,10,Jordan Williams,Male,2020-10-19,1983-01-03,
2567,79,10,Jordan Miller,Female,2024-07-08,1980-06-22,2016-09-25
2568,80,10,Avery Miller,Female,2022-05-03,1993-08-17,
2569,81,10,Skyler White,Female,2020-06-20,2002-01-15,2021-03-19
2570,82,10,Avery Garcia,Male,2022-11-13,2001-03-30,2018-08-10
2571,83,10,Reese Wilson,Male,2024-09-27,1995-09-30,2025-05-12
2572,84,10,Parker Smith,Female,2020-06-07,2001-11-12,2011-12-13
2573,85,10,Parker Jones,Male,2020-12-05,1991-01-03,2024-02-28
2574,86,10,Emerson Johnson,Female,2024-04-04,1995-02-18,
2575,87,10,Parker Smith,Female,2023-06-22,2004-10-15,2020-02-14
2576,88,10,Morgan Moore,Female,2021-01-23,1980-06-17,2023-04-24
2577,89,10,Dakota Taylor,Male,2025-09-04,1999-12-08,
2578,90,10,Taylor Davis,Female,2024-05-08,2004-01-11,2011-02-04
2579,91,10,Casey Moore,Male,2025-10-17,2002-01-11,
2580,92,10,Parker Jones,Male,2020-06-12,1993-01-08,2019-07-28
2581,93,10,Jordan Taylor,Male,2020-11-10,1988-12-06,
2582,94,10,Morgan Smith,Female,2021-12-24,1996-11-24,
2583,95,10,Taylor Williams,Female,2025-07-13,1990-04-05,2025-09-19
2584,96,10,Emerson Johnson,Male,2021-11-04,1986-03-30,
2585,97,10,Skyler Moore,Male,2024-11-29,2002-04-03,
2586,98,10,Quinn Miller,Male,2025-11-21,1996-07-09,2012-05-21
2587,99,10,Riley Davis,Male,2023-02-16,1999-07-28,
2588,100,10,Riley Johnson,Male,2020-12-23,1991-10-15,2024-11-28
2589,101,10,Avery Davis,Female,2025-09-08,1990-11-29,2013-01-31
2590,102,10,Jordan Smith,Male,2020-12-19,2005-08-02,
2591,103,10,Morgan Davis,Female,2022-12-13,2001-06-08,
2592,104,10,Reese Taylor,Male,2024-08-19,1985-03-13,
2593,105,10,Morgan Williams,Male,2023-05-15,1985-12-22,2018-10-06
2594,106,10,Alex Garcia,Male,2025-09-20,1980-07-18,
2595,107,10,Cameron Jones,Male,2023-05-27,1986-02-23,
2596,108,10,Morgan Jackson,Female,2022-05-24,1988-06-18,2020-09-23
2597,109,10,Parker Williams,Male,2021-12-07,1997-05-25,
2598,110,10,Cameron Wilson,Male,2021-08-21,1985-09-11,2013-04-06
2599,111,10,Dakota Thomas,Male,2025-05-10,2003-01-11,2011-08-18
2600,112,10,Skyler Brown,Male,2024-08-20,1996-03-23,2015-11-21
2601,113,10,Riley Smith,Female,2020-06-24,1994-05-17,2010-08-15
2602,114,10,Morgan Taylor,Female,2024-05-19,2000-03-05,2015-01-15
2603,115,10,Quinn White,Male,2025-05-17,2002-11-09,2024-06-28
2604,116,10,Dakota Thomas,Male,2022-09-15,2003-05-20,
2605,117,10,Reese Johnson,Female,2020-05-06,1998-09-20,
2606,118,10,Jordan Anderson,Male,2020-06-12,1996-07-29,
2607,119,10,Casey Davis,Female,2023-05-28,2004-01-05,2016-11-29
2608,120,10,Dakota Davis,Female,2024-04-30,2005-02-16,2023-07-29
2609,121,10,Skyler Taylor,Male,2025-04-06,1995-02-13,
2610,122,10,Parker Garcia,Male,2022-10-27,1992-01-12,2016-06-25
2611,123,10,Skyler Wilson,Male,2023-07-06,1994-07-17,2022-09-11
2612,124,10,Morgan Garcia,Female,2022-02-24,1995-01-10,
2613,125,10,Riley Jones,Female,2024-10-02,1988-06-12,2013-02-14
2614,126,10,Reese Thomas,Female,2022-02-17,1996-03-19,2022-05-27
2615,127,10,Avery Williams,Female,2025-10-31,1987-10-12,
2616,128,10,Quinn White,Female,2022-10-08,1989-03-24,
2617,129,10,Cameron Jackson,Female,2022-01-19,2002-04-17,
2618,130,10,Riley Davis,Female,2025-02-23,2004-02-08,
2619,131,10,Casey Moore,Male,2022-10-31,1985-07-31,2022-05-09
2620,132,10,Riley Smith,Male,2022-02-12,1991-06-06,2020-03-14
2621,133,10,Emerson Wilson,Female,2025-09-24,2005-06-15,
2622,134,10,Casey Smith,Female,2025-06-28,1984-11-05,
2623,135,10,Riley Garcia,Male,2021-07-26,1988-02-15,
2624,136,10,Reese Thomas,Male,2020-06-17,1983-02-25,
2625,137,10,Jamie Wilson,Female,2021-06-05,1984-04-20,2025-05-27
2626,138,10,Riley Williams,Male,2020-09-02,1980-06-10,
2627,139,10,Skyler Anderson,Female,2023-03-10,1999-04-12,
2628,140,10,Morgan Moore,Female,2023-12-19,1990-08-08,
2629,141,10,Jamie Moore,Female,2022-06-19,1987-09-16,2018-08-06
2630,142,10,Morgan Wilson,Male,2021-10-18,1984-02-02,
2631,143,10,Skyler Jones,Female,2021-05-25,1984-04-16,
2632,144,10,Riley Williams,Male,2025-02-25,1987-06-06,2014-12-11
2633,145,10,Casey Johnson,Male,2022-09-05,1993-11-02,
2634,146,10,Dakota Moore,Female,2025-01-01,1989-07-28,
2635,147,10,Dakota Johnson,Female,2024-12-24,1999-11-07,
2636,148,10,Emerson Miller,Female,2020-04-04,2004-04-12,2014-08-08
2637,149,10,Emerson Taylor,Female,2024-11-23,2003-07-03,
2638,150,10,Alex Davis,Female,2024-12-16,1989-03-20,
2639,151,10,Quinn Johnson,Female,2021-11-20,1998-02-14,
2640,152,10,Avery Garcia,Female,2023-01-27,1991-02-27,2015-03-07
2641,153,10,Riley Moore,Female,2020-04-09,2005-04-08,
2642,154,10,Quinn Johnson,Female,2020-03-30,1997-06-11,
2643,155,10,Avery Miller,Male,2025-07-03,1999-07-28,2019-07-07
2644,156,10,Jordan Miller,Female,2023-11-27,1990-04-02,
2645,157,10,Emerson Jones,Female,2021-10-09,1987-07-24,
2646,158,10,Skyler Taylor,Male,2020-05-28,1997-02-09,
2647,159,10,Reese Williams,Male,2021-10-12,1984-02-22,2022-05-26
2648,160,10,Alex Jones,Male,2025-11-21,1991-06-12,
2649,161,10,Casey Brown,Female,2023-02-14,1988-05-05,
2650,162,10,Casey Brown,Male,2022-08-07,1984-02-20,2022-11-04
2651,163,10,Cameron Thomas,Male,2023-03-26,2004-07-30,
2652,164,10,Riley White,Male,2022-08-25,1980-10-08,2014-05-20
2653,165,10,Skyler Anderson,Male,2020-10-02,1984-07-21,
2654,166,10,Reese Brown,Male,2025-03-09,2004-10-28,2014-01-05
2655,167,10,Taylor Wilson,Male,2022-10-03,1980-05-23,
2656,168,10,Taylor Thomas,Female,2025-10-03,1980-12-05,
2657,169,10,Emerson Smith,Female,2021-07-06,1987-06-29,
2658,170,10,Taylor Jackson,Male,2022-09-17,1996-06-21,
2659,171,10,Casey Davis,Male,2025-02-06,1987-11-09,2015-07-27
2660,172,10,Taylor Taylor,Male,2020-10-01,1996-12-05,
