ID,Org_ID,Employee_ID,Leave_Start_Date,Leave_End_Date,Leave_Type
1,1,1,2026-03-17,2026-03-17,Full Day Leave
2,1,1,2026-03-29,2026-03-29,Full Day Leave
3,1,4,2026-03-01,2026-03-01,Half Day Leave
4,1,4,2026-03-05,2026-03-05,Full Day Leave
5,1,6,2026-03-22,2026-03-23,Full Day Leave
6,1,8,2026-03-29,2026-03-29,Full Day Leave
7,1,10,2026-03-17,2026-03-17,Full Day Leave
8,1,11,2026-03-02,2026-03-02,Full Day Leave
9,1,11,2026-03-29,2026-03-29,Half Day Leave
10,1,12,2026-03-29,2026-03-29,Full Day Leave
11,1,12,2026-04-01,2026-04-01,Full Day Leave
12,1,13,2026-03-04,2026-03-04,Full Day Leave
13,1,14,2026-03-10,2026-03-10,Full Day Leave
14,1,14,2026-03-22,2026-03-22,Full Day Leave
15,1,15,2026-03-02,2026-03-02,Full Day Leave
16,1,15,2026-03-04,2026-03-04,Full Day Leave
17,1,16,2026-03-11,2026-03-11,Full Day Leave
18,1,16,2026-04-02,2026-04-02,Half Day Leave
19,1,17,2026-03-16,2026-03-16,Full Day Leave
20,1,18,2026-03-12,2026-03-12,Half Day Leave
21,1,18,2026-04-01,2026-04-02,Full Day Leave
22,1,19,2026-03-11,2026-03-11,Full Day Leave
23,1,21,2026-03-01,2026-03-01,Full Day Leave
24,1,21,2026-04-02,2026-04-02,Full Day Leave
25,1,22,2026-03-31,2026-03-31,Full Day Leave
26,1,22,2026-04-02,2026-04-02,Half Day Leave
27,1,23,2026-03-16,2026-03-16,Full Day Leave
28,1,23,2026-04-01,2026-04-01,Full Day Leave
29,1,24,2026-03-16,2026-03-16,Full Day Leave
30,1,24,2026-03-29,2026-03-29,Full Day Leave
31,1,29,2026-03-23,2026-03-23,Full Day Leave
32,1,29,2026-03-23,2026-03-23,Half Day Leave
33,1,29,2026-03-29,2026-03-29,Full Day Leave
34,1,30,2026-03-22,2026-03-22,Full Day Leave
35,1,32,2026-03-19,2026-03-19,Half Day Leave
36,1,33,2026-03-03,2026-03-03,Half Day Leave
37,1,33,2026-03-04,2026-03-04,Full Day Leave
38,1,33,2026-03-16,2026-03-17,Full Day Leave
39,1,34,2026-03-29,2026-03-30,Full Day Leave
40,1,35,2026-03-25,2026-03-25,Full Day Leave
41,1,36,2026-03-03,2026-03-03,Full Day Leave
42,1,36,2026-03-09,2026-03-09,Half Day Leave
43,1,36,2026-03-15,2026-03-15,Half Day Leave
44,1,37,2026-03-19,2026-03-19,Full Day Leave
45,1,37,2026-03-31,2026-03-31,Half Day Leave
46,1,38,2026-03-23,2026-03-23,Full Day Leave
47,1,39,2026-03-25,2026-03-25,Full Day Leave
48,1,43,2026-03-25,2026-03-25,Full Day Leave
49,1,44,2026-03-08,2026-03-08,Full Day Leave
50,1,44,2026-03-26,2026-03-26,Full Day Leave
51,1,46,2026-03-23,2026-03-23,Full Day Leave
52,1,47,2026-04-01,2026-04-01,Full Day Leave
53,1,48,2026-03-16,2026-03-16,Full Day Leave
54,1,49,2026-03-30,2026-03-30,Half Day Leave
55,1,50,2026-03-31,2026-03-31,Full Day Leave
56,1,52,2026-03-01,2026-03-01,Full Day Leave
57,1,52,2026-03-29,2026-03-29,Full Day Leave
58,1,53,2026-03-19,2026-03-19,Full Day Leave
59,1,53,2026-03-30,2026-03-30,Full Day Leave
60,1,54,2026-03-04,2026-03-04,Half Day Leave
61,1,55,2026-03-26,2026-03-26,Full Day Leave
62,1,56,2026-03-11,2026-03-11,Full Day Leave
63,1,56,2026-03-30,2026-03-30,Full Day Leave
64,1,57,2026-03-09,2026-03-09,Full Day Leave
65,1,57,2026-03-11,2026-03-11,Half Day Leave
66,1,57,2026-04-01,2026-04-01,Full Day Leave
67,1,58,2026-03-05,2026-03-05,Full Day Leave
68,1,58,2026-03-15,2026-03-15,Full Day Leave
69,1,59,2026-03-15,2026-03-15,Half Day Leave
70,1,59,2026-03-16,2026-03-16,Full Day Leave
71,1,61,2026-03-25,2026-03-25,Full Day Leave
72,1,62,2026-03-05,2026-03-05,Full Day Leave
73,1,62,2026-03-25,2026-03-26,Full Day Leave
74,1,65,2026-03-02,2026-03-02,Full Day Leave
75,1,65,2026-03-15,2026-03-15,Full Day Leave
76,1,65,2026-03-25,2026-03-25,Half Day Leave
77,1,66,2026-03-03,2026-03-03,Full Day Leave
78,1,66,2026-03-17,2026-03-18,Full Day Leave
79,1,70,2026-03-30,2026-03-30,Full Day Leave
80,1,71,2026-03-26,2026-03-26,Full Day Leave
81,1,73,2026-03-22,2026-03-22,Full Day Leave
82,1,75,2026-03-08,2026-03-08,Half Day Leave
83,1,77,2026-03-03,2026-03-03,Full Day Leave
84,1,77,2026-04-01,2026-04-01,Half Day Leave
85,1,79,2026-03-30,2026-03-30,Half Day Leave
86,1,80,2026-03-03,2026-03-03,Full Day Leave
87,1,81,2026-03-18,2026-03-18,Full Day Leave
88,1,81,2026-03-19,2026-03-19,Full Day Leave
89,1,81,2026-03-22,2026-03-22,Full Day Leave
90,1,82,2026-03-31,2026-03-31,Full Day Leave
91,1,83,2026-04-02,2026-04-02,Full Day Leave
92,1,85,2026-03-11,2026-03-11,Full Day Leave
93,1,87,2026-03-08,2026-03-09,Full Day Leave
94,1,88,2026-03-19,2026-03-19,Half Day Leave
95,1,89,2026-03-12,2026-03-12,Full Day Leave
96,1,89,2026-04-02,2026-04-02,Full Day Leave
97,1,90,2026-03-09,2026-03-09,Full Day Leave
98,1,91,2026-03-16,2026-03-16,Full Day Leave
99,1,91,2026-04-02,2026-04-02,Full Day Leave
100,1,92,2026-03-03,2026-03-03,Half Day Leave
101,1,92,2026-03-08,2026-03-08,Full Day Leave
102,1,92,2026-03-11,2026-03-11,Half Day Leave
103,1,92,2026-03-23,2026-03-24,Full Day Leave
104,1,92,2026-04-02,2026-04-02,Full Day Leave
105,1,93,2026-03-25,2026-03-25,Full Day Leave
106,1,93,2026-03-31,2026-03-31,Full Day Leave
107,1,95,2026-03-09,2026-03-09,Full Day Leave
108,1,95,2026-03-17,2026-03-17,Half Day Leave
109,1,95,2026-04-01,2026-04-01,Full Day Leave
110,1,98,2026-03-09,2026-03-09,Full Day Leave
111,1,98,2026-03-18,2026-03-18,Full Day Leave
112,1,99,2026-03-15,2026-03-15,Full Day Leave
113,1,99,2026-04-01,2026-04-01,Full Day Leave
114,1,99,2026-04-01,2026-04-01,Full Day Leave
115,1,101,2026-03-03,2026-03-03,Full Day Leave
116,1,101,2026-03-31,2026-03-31,Half Day Leave
117,1,102,2026-03-01,2026-03-01,Full Day Leave
118,1,102,2026-03-04,2026-03-04,Full Day Leave
119,1,102,2026-03-25,2026-03-25,Half Day Leave
120,1,102,2026-04-02,2026-04-02,Half Day Leave
121,1,103,2026-03-04,2026-03-05,Full Day Leave
122,1,103,2026-03-25,2026-03-25,Full Day Leave
123,1,104,2026-03-10,2026-03-10,Full Day Leave
124,1,105,2026-03-30,2026-03-30,Full Day Leave
125,1,108,2026-03-05,2026-03-05,Full Day Leave
126,1,108,2026-03-23,2026-03-24,Full Day Leave
127,1,109,2026-03-03,2026-03-03,Full Day Leave
128,1,109,2026-04-02,2026-04-02,Full Day Leave
129,1,110,2026-03-04,2026-03-04,Full Day Leave
130,1,114,2026-03-25,2026-03-25,Full Day Leave
131,1,114,2026-03-29,2026-03-29,Full Day Leave
132,1,115,2026-03-02,2026-03-02,Full Day Leave
133,1,115,2026-03-09,2026-03-09,Full Day Leave
134,1,115,2026-03-30,2026-03-30,Full Day Leave
135,1,116,2026-03-11,2026-03-12,Full Day Leave
136,1,119,2026-03-10,2026-03-10,Full Day Leave
137,1,119,2026-03-30,2026-03-30,Full Day Leave
138,1,120,2026-03-03,2026-03-03,Full Day Leave
139,1,120,2026-04-01,2026-04-01,Half Day Leave
140,1,122,2026-03-12,2026-03-12,Half Day Leave
141,1,122,2026-03-22,2026-03-22,Full Day Leave
142,1,123,2026-03-04,2026-03-04,Full Day Leave
143,1,123,2026-03-17,2026-03-17,Full Day Leave
144,1,124,2026-03-24,2026-03-24,Full Day Leave
145,1,125,2026-03-04,2026-03-04,Full Day Leave
146,1,125,2026-03-11,2026-03-11,Full Day Leave
147,1,125,2026-03-11,2026-03-11,Full Day Leave
148,1,126,2026-03-16,2026-03-16,Half Day Leave
149,1,126,2026-03-17,2026-03-18,Full Day Leave
150,1,130,2026-03-25,2026-03-25,Full Day Leave
151,1,130,2026-03-31,2026-03-31,Full Day Leave
152,1,132,2026-03-10,2026-03-10,Full Day Leave
153,1,134,2026-03-24,2026-03-24,Full Day Leave
154,1,135,2026-03-16,2026-03-16,Half Day Leave
155,1,136,2026-03-18,2026-03-19,Full Day Leave
156,1,136,2026-03-31,2026-03-31,Half Day Leave
157,1,137,2026-03-15,2026-03-15,Half Day Leave
158,1,138,2026-03-12,2026-03-15,Full Day Leave
159,1,138,2026-03-17,2026-03-17,Full Day Leave
160,1,139,2026-03-24,2026-03-24,Full Day Leave
161,1,141,2026-04-02,2026-04-02,Full Day Leave
162,1,143,2026-03-02,2026-03-02,Half Day Leave
163,1,143,2026-03-10,2026-03-10,Half Day Leave
164,1,144,2026-03-22,2026-03-22,Full Day Leave
165,1,145,2026-03-16,2026-03-16,Full Day Leave
166,1,148,2026-03-10,2026-03-10,Full Day Leave
167,1,148,2026-03-18,2026-03-18,Full Day Leave
168,1,148,2026-04-02,2026-04-02,Full Day Leave
169,1,149,2026-03-08,2026-03-08,Half Day Leave
170,1,150,2026-03-19,2026-03-19,Full Day Leave
171,1,150,2026-04-01,2026-04-01,Half Day Leave
172,1,151,2026-03-12,2026-03-12,Full Day Leave
173,1,152,2026-03-26,2026-03-26,Full Day Leave
174,1,153,2026-03-18,2026-03-18,Full Day Leave
175,1,154,2026-03-03,2026-03-04,Full Day Leave
176,1,155,2026-03-04,2026-03-04,Full Day Leave
177,1,155,2026-03-18,2026-03-18,Full Day Leave
178,1,158,2026-03-01,2026-03-01,Half Day Leave
179,1,158,2026-03-30,2026-03-30,Full Day Leave
180,1,158,2026-04-02,2026-04-02,Full Day Leave
181,1,158,2026-04-02,2026-04-02,Full Day Leave
182,1,159,2026-03-25,2026-03-25,Full Day Leave
183,1,160,2026-03-22,2026-03-22,Half Day Leave
184,1,161,2026-03-05,2026-03-05,Full Day Leave
185,1,161,2026-03-08,2026-03-08,Full Day Leave
186,1,161,2026-03-24,2026-03-24,Half Day Leave
187,1,162,2026-03-08,2026-03-09,Full Day Leave
188,1,163,2026-03-04,2026-03-04,Full Day Leave
189,1,163,2026-03-19,2026-03-19,Full Day Leave
190,1,163,2026-04-01,2026-04-01,Full Day Leave
191,1,164,2026-04-02,2026-04-02,Full Day Leave
192,1,166,2026-03-17,2026-03-17,Full Day Leave
193,1,167,2026-04-01,2026-04-01,Half Day Leave
194,1,168,2026-03-05,2026-03-05,Full Day Leave
195,1,169,2026-03-12,2026-03-12,Half Day Leave
196,1,170,2026-03-23,2026-03-23,Half Day Leave
197,1,171,2026-03-04,2026-03-04,Full Day Leave
198,1,172,2026-03-05,2026-03-05,Full Day Leave
199,1,172,2026-03-30,2026-03-30,Full Day Leave
200,1,172,2026-03-31,2026-03-31,Full Day Leave
201,1,173,2026-03-25,2026-03-25,Full Day Leave
202,1,174,2026-03-04,2026-03-04,Full Day Leave
203,1,177,2026-03-11,2026-03-11,Half Day Leave
204,1,180,2026-03-19,2026-03-22,Full Day Leave
205,1,180,2026-03-24,2026-03-24,Full Day Leave
206,1,180,2026-03-30,2026-03-30,Half Day Leave
207,1,182,2026-03-08,2026-03-08,Full Day Leave
208,1,183,2026-03-04,2026-03-04,Full Day Leave
209,1,183,2026-03-11,2026-03-11,Full Day Leave
210,1,185,2026-03-03,2026-03-03,Full Day Leave
211,1,185,2026-03-24,2026-03-24,Full Day Leave
212,1,185,2026-04-02,2026-04-02,Full Day Leave
213,1,188,2026-03-17,2026-03-17,Half Day Leave
214,1,189,2026-03-08,2026-03-08,Half Day Leave
215,1,189,2026-03-17,2026-03-17,Full Day Leave
216,1,189,2026-03-26,2026-03-29,Full Day Leave
217,1,192,2026-03-11,2026-03-11,Full Day Leave
218,1,192,2026-03-23,2026-03-23,Full Day Leave
219,1,193,2026-03-08,2026-03-08,Half Day Leave
220,1,195,2026-03-26,2026-03-29,Full Day Leave
221,1,196,2026-03-29,2026-03-29,Full Day Leave
222,1,197,2026-04-01,2026-04-01,Full Day Leave
223,1,199,2026-03-16,2026-03-17,Full Day Leave
224,1,199,2026-03-25,2026-03-25,Half Day Leave
225,1,199,2026-04-01,2026-04-01,Full Day Leave
226,1,202,2026-03-04,2026-03-04,Full Day Leave
227,1,202,2026-03-05,2026-03-05,Full Day Leave
228,1,203,2026-03-02,2026-03-02,Full Day Leave
229,1,203,2026-03-15,2026-03-15,Full Day Leave
230,1,204,2026-03-05,2026-03-05,Full Day Leave
231,1,207,2026-03-10,2026-03-10,Full Day Leave
232,1,208,2026-03-25,2026-03-25,Full Day Leave
233,1,209,2026-03-05,2026-03-05,Full Day Leave
234,1,211,2026-03-10,2026-03-10,Full Day Leave
235,1,211,2026-03-31,2026-03-31,Full Day Leave
236,1,215,2026-03-11,2026-03-12,Full Day Leave
237,1,215,2026-03-18,2026-03-18,Full Day Leave
238,1,218,2026-03-04,2026-03-04,Full Day Leave
239,1,219,2026-03-02,2026-03-03,Full Day Leave
240,1,219,2026-03-10,2026-03-10,Full Day Leave
241,1,220,2026-03-12,2026-03-12,Full Day Leave
242,1,221,2026-03-18,2026-03-18,Half Day Leave
243,1,222,2026-03-15,2026-03-15,Half Day Leave
244,1,223,2026-03-12,2026-03-12,Half Day Leave
245,1,223,2026-03-31,2026-03-31,Full Day Leave
246,1,224,2026-04-02,2026-04-02,Full Day Leave
247,1,225,2026-03-17,2026-03-17,Full Day Leave
248,1,225,2026-03-25,2026-03-25,Full Day Leave
249,1,227,2026-03-09,2026-03-10,Full Day Leave
250,1,228,2026-03-12,2026-03-12,Half Day Leave
251,1,229,2026-03-31,2026-03-31,Full Day Leave
252,1,231,2026-03-15,2026-03-15,Full Day Leave
253,1,232,2026-03-18,2026-03-18,Half Day Leave
254,1,235,2026-03-08,2026-03-08,Half Day Leave
255,1,235,2026-03-09,2026-03-09,Full Day Leave
256,1,239,2026-03-04,2026-03-04,Half Day Leave
257,1,239,2026-03-17,2026-03-17,Full Day Leave
258,1,240,2026-03-16,2026-03-16,Full Day Leave
259,1,240,2026-03-17,2026-03-17,Full Day Leave
260,1,243,2026-03-22,2026-03-22,Full Day Leave
261,1,244,2026-03-05,2026-03-05,Full Day Leave
262,1,244,2026-03-18,2026-03-19,Full Day Leave
263,1,245,2026-03-23,2026-03-23,Full Day Leave
264,1,246,2026-03-19,2026-03-19,Full Day Leave
265,1,247,2026-03-29,2026-03-29,Full Day Leave
266,1,248,2026-03-31,2026-04-01,Full Day Leave
267,1,252,2026-03-05,2026-03-05,Full Day Leave
268,1,253,2026-03-25,2026-03-25,Full Day Leave
269,1,255,2026-03-15,2026-03-16,Full Day Leave
270,1,256,2026-03-12,2026-03-12,Half Day Leave
271,1,258,2026-03-03,2026-03-03,Full Day Leave
272,1,258,2026-03-04,2026-03-04,Full Day Leave
273,1,259,2026-03-12,2026-03-12,Full Day Leave
274,1,260,2026-04-01,2026-04-01,Full Day Leave
275,1,264,2026-03-03,2026-03-03,Full Day Leave
276,1,265,2026-03-24,2026-03-24,Full Day Leave
277,1,267,2026-03-02,2026-03-03,Full Day Leave
278,1,267,2026-03-30,2026-03-30,Half Day Leave
279,1,269,2026-03-04,2026-03-04,Half Day Leave
280,1,270,2026-03-31,2026-03-31,Full Day Leave
281,1,272,2026-03-17,2026-03-17,Full Day Leave
282,1,274,2026-03-15,2026-03-15,Full Day Leave
283,1,276,2026-03-16,2026-03-16,Half Day Leave
284,1,285,2026-03-26,2026-03-26,Full Day Leave
285,1,287,2026-03-17,2026-03-17,Half Day Leave
286,1,287,2026-03-23,2026-03-23,Half Day Leave
287,1,291,2026-03-01,2026-03-01,Full Day Leave
288,1,295,2026-03-31,2026-03-31,Full Day Leave
289,1,296,2026-03-04,2026-03-04,Half Day Leave
290,1,296,2026-03-05,2026-03-05,Full Day Leave
291,1,296,2026-04-02,2026-04-02,Full Day Leave
292,1,297,2026-03-25,2026-03-25,Full Day Leave
293,1,298,2026-03-31,2026-03-31,Full Day Leave
294,1,301,2026-03-10,2026-03-11,Full Day Leave
295,1,301,2026-03-22,2026-03-22,Half Day Leave
296,1,304,2026-03-03,2026-03-04,Full Day Leave
297,1,307,2026-03-15,2026-03-15,Full Day Leave
298,1,307,2026-03-24,2026-03-24,Full Day Leave
299,1,310,2026-03-31,2026-03-31,Half Day Leave
300,1,311,2026-03-04,2026-03-04,Full Day Leave
301,1,311,2026-03-09,2026-03-09,Half Day Leave
302,1,313,2026-03-29,2026-03-30,Full Day Leave
303,1,315,2026-03-04,2026-03-04,Full Day Leave
304,1,315,2026-03-16,2026-03-16,Full Day Leave
305,1,318,2026-03-03,2026-03-03,Half Day Leave
306,1,322,2026-03-01,2026-03-01,Half Day Leave
307,1,322,2026-03-02,2026-03-03,Full Day Leave
308,1,332,2026-04-02,2026-04-02,Full Day Leave
309,1,335,2026-03-15,2026-03-15,Full Day Leave
310,1,337,2026-03-23,2026-03-23,Full Day Leave
311,1,339,2026-03-01,2026-03-01,Full Day Leave
312,1,342,2026-03-19,2026-03-19,Full Day Leave
313,2,1,2026-03-03,2026-03-03,Full Day Leave
314,2,3,2026-03-22,2026-03-22,Full Day Leave
315,2,4,2026-03-08,2026-03-08,Half Day Leave
316,2,5,2026-03-03,2026-03-04,Full Day Leave
317,2,6,2026-03-26,2026-03-26,Full Day Leave
318,2,7,2026-03-15,2026-03-15,Half Day Leave
319,2,10,2026-03-01,2026-03-01,Half Day Leave
320,2,10,2026-03-15,2026-03-15,Full Day Leave
321,2,10,2026-03-23,2026-03-23,Full Day Leave
322,2,13,2026-03-12,2026-03-12,Half Day Leave
323,2,14,2026-03-25,2026-03-25,Full Day Leave
324,2,15,2026-03-15,2026-03-15,Full Day Leave
325,2,15,2026-03-17,2026-03-18,Full Day Leave
326,2,16,2026-03-17,2026-03-18,Full Day Leave
327,2,17,2026-04-01,2026-04-02,Full Day Leave
328,2,18,2026-04-01,2026-04-01,Full Day Leave
329,2,23,2026-03-12,2026-03-12,Full Day Leave
330,2,23,2026-03-29,2026-03-29,Full Day Leave
331,2,25,2026-03-25,2026-03-25,Full Day Leave
332,2,26,2026-03-29,2026-03-29,Full Day Leave
333,2,28,2026-03-16,2026-03-16,Full Day Leave
334,2,28,2026-03-22,2026-03-22,Full Day Leave
335,2,29,2026-03-24,2026-03-24,Half Day Leave
336,2,29,2026-04-01,2026-04-01,Half Day Leave
337,2,30,2026-03-05,2026-03-05,Full Day Leave
338,2,30,2026-03-24,2026-03-24,Full Day Leave
339,2,30,2026-03-26,2026-03-26,Full Day Leave
340,2,31,2026-03-15,2026-03-15,Full Day Leave
341,2,32,2026-03-01,2026-03-01,Full Day Leave
342,2,33,2026-03-19,2026-03-19,Full Day Leave
343,2,33,2026-03-22,2026-03-22,Full Day Leave
344,2,34,2026-03-17,2026-03-17,Half Day Leave
345,2,36,2026-03-25,2026-03-25,Full Day Leave
346,2,36,2026-03-26,2026-03-26,Full Day Leave
347,2,37,2026-04-02,2026-04-02,Full Day Leave
348,2,38,2026-03-12,2026-03-12,Full Day Leave
349,2,38,2026-03-16,2026-03-16,Full Day Leave
350,2,38,2026-04-01,2026-04-01,Full Day Leave
351,2,41,2026-03-05,2026-03-05,Full Day Leave
352,2,41,2026-03-09,2026-03-09,Half Day Leave
353,2,42,2026-03-31,2026-03-31,Full Day Leave
354,2,43,2026-03-10,2026-03-10,Half Day Leave
355,2,44,2026-03-10,2026-03-11,Full Day Leave
356,2,45,2026-03-15,2026-03-15,Full Day Leave
357,2,46,2026-03-30,2026-03-30,Half Day Leave
358,2,47,2026-03-30,2026-03-30,Half Day Leave
359,2,49,2026-03-11,2026-03-11,Full Day Leave
360,2,51,2026-03-08,2026-03-08,Full Day Leave
361,2,51,2026-03-11,2026-03-11,Full Day Leave
362,2,52,2026-03-03,2026-03-03,Full Day Leave
363,2,52,2026-03-31,2026-03-31,Full Day Leave
364,2,52,2026-04-02,2026-04-02,Full Day Leave
365,2,53,2026-03-03,2026-03-03,Full Day Leave
366,2,54,2026-03-23,2026-03-23,Half Day Leave
367,2,55,2026-03-23,2026-03-23,Full Day Leave
368,2,56,2026-03-01,2026-03-01,Full Day Leave
369,2,59,2026-03-09,2026-03-09,Half Day Leave
370,2,60,2026-03-22,2026-03-22,Full Day Leave
371,2,61,2026-03-11,2026-03-12,Full Day Leave
372,2,61,2026-03-24,2026-03-24,Full Day Leave
373,2,61,2026-03-30,2026-03-30,Half Day Leave
374,2,61,2026-03-31,2026-03-31,Full Day Leave
375,2,62,2026-03-18,2026-03-19,Full Day Leave
376,2,62,2026-03-30,2026-03-30,Full Day Leave
377,2,63,2026-03-05,2026-03-05,Full Day Leave
378,2,64,2026-04-01,2026-04-01,Full Day Leave
379,2,65,2026-04-02,2026-04-02,Full Day Leave
380,2,66,2026-03-03,2026-03-03,Half Day Leave
381,2,66,2026-03-18,2026-03-18,Half Day Leave
382,2,67,2026-03-19,2026-03-19,Half Day Leave
383,2,67,2026-03-25,2026-03-25,Full Day Leave
384,2,68,2026-03-03,2026-03-03,Full Day Leave
385,2,69,2026-04-02,2026-04-02,Full Day Leave
386,2,70,2026-03-24,2026-03-24,Full Day Leave
387,2,71,2026-04-01,2026-04-02,Full Day Leave
388,2,77,2026-03-15,2026-03-15,Full Day Leave
389,2,77,2026-03-24,2026-03-24,Full Day Leave
390,2,80,2026-03-11,2026-03-11,Full Day Leave
391,2,80,2026-03-22,2026-03-22,Full Day Leave
392,2,81,2026-03-22,2026-03-22,Full Day Leave
393,2,81,2026-03-26,2026-03-26,Half Day Leave
394,2,89,2026-03-19,2026-03-19,Half Day Leave
395,2,91,2026-03-22,2026-03-22,Full Day Leave
396,2,92,2026-03-02,2026-03-02,Full Day Leave
397,2,92,2026-03-16,2026-03-16,Full Day Leave
398,2,94,2026-03-10,2026-03-10,Full Day Leave
399,2,94,2026-03-23,2026-03-23,Full Day Leave
400,2,97,2026-03-17,2026-03-17,Full Day Leave
401,2,99,2026-04-02,2026-04-02,Full Day Leave
402,2,100,2026-03-02,2026-03-02,Full Day Leave
403,2,100,2026-03-12,2026-03-12,Full Day Leave
404,2,100,2026-03-18,2026-03-18,Full Day Leave
405,2,101,2026-03-02,2026-03-02,Full Day Leave
406,2,101,2026-04-02,2026-04-02,Full Day Leave
407,2,103,2026-03-08,2026-03-08,Full Day Leave
408,2,103,2026-04-01,2026-04-01,Full Day Leave
409,2,104,2026-03-12,2026-03-12,Full Day Leave
410,2,105,2026-03-11,2026-03-11,Full Day Leave
411,2,107,2026-03-08,2026-03-08,Full Day Leave
412,2,108,2026-03-23,2026-03-23,Full Day Leave
413,2,109,2026-03-03,2026-03-03,Full Day Leave
414,2,113,2026-03-09,2026-03-09,Full Day Leave
415,2,114,2026-03-01,2026-03-01,Full Day Leave
416,2,114,2026-03-26,2026-03-26,Half Day Leave
417,2,117,2026-03-25,2026-03-25,Full Day Leave
418,2,119,2026-03-25,2026-03-25,Full Day Leave
419,2,120,2026-03-15,2026-03-15,Full Day Leave
420,2,121,2026-03-01,2026-03-01,Full Day Leave
421,2,121,2026-03-25,2026-03-25,Full Day Leave
422,2,122,2026-03-23,2026-03-23,Full Day Leave
423,2,124,2026-03-11,2026-03-11,Half Day Leave
424,2,124,2026-03-15,2026-03-15,Half Day Leave
425,2,124,2026-04-01,2026-04-01,Full Day Leave
426,2,124,2026-04-02,2026-04-02,Full Day Leave
427,2,125,2026-03-19,2026-03-19,Half Day Leave
428,2,126,2026-03-16,2026-03-16,Full Day Leave
429,2,127,2026-03-05,2026-03-05,Full Day Leave
430,2,127,2026-03-17,2026-03-17,Full Day Leave
431,2,128,2026-03-02,2026-03-02,Full Day Leave
432,2,128,2026-03-05,2026-03-05,Half Day Leave
433,2,128,2026-03-26,2026-03-26,Full Day Leave
434,2,128,2026-03-31,2026-03-31,Half Day Leave
435,2,131,2026-03-15,2026-03-15,Full Day Leave
436,2,133,2026-03-01,2026-03-02,Full Day Leave
437,2,136,2026-03-03,2026-03-03,Half Day Leave
438,2,136,2026-03-22,2026-03-22,Full Day Leave
439,2,138,2026-03-04,2026-03-05,Full Day Leave
440,2,139,2026-03-17,2026-03-17,Full Day Leave
441,2,139,2026-03-30,2026-03-30,Half Day Leave
442,2,140,2026-03-11,2026-03-11,Full Day Leave
443,2,141,2026-03-19,2026-03-19,Full Day Leave
444,2,142,2026-03-10,2026-03-10,Full Day Leave
445,2,143,2026-03-12,2026-03-12,Half Day Leave
446,2,144,2026-03-24,2026-03-24,Full Day Leave
447,2,144,2026-04-02,2026-04-02,Half Day Leave
448,2,145,2026-03-03,2026-03-03,Full Day Leave
449,2,145,2026-03-11,2026-03-11,Full Day Leave
450,2,148,2026-03-05,2026-03-05,Full Day Leave
451,2,150,2026-03-22,2026-03-22,Full Day Leave
452,2,150,2026-03-24,2026-03-24,Full Day Leave
453,2,151,2026-03-15,2026-03-15,Full Day Leave
454,2,151,2026-03-26,2026-03-26,Full Day Leave
455,2,152,2026-03-12,2026-03-15,Full Day Leave
456,2,152,2026-03-29,2026-03-29,Full Day Leave
457,2,153,2026-03-02,2026-03-02,Full Day Leave
458,2,153,2026-03-11,2026-03-11,Full Day Leave
459,2,153,2026-03-19,2026-03-19,Full Day Leave
460,2,154,2026-03-12,2026-03-12,Full Day Leave
461,2,155,2026-03-17,2026-03-17,Full Day Leave
462,2,155,2026-03-24,2026-03-24,Full Day Leave
463,2,157,2026-04-02,2026-04-02,Full Day Leave
464,2,158,2026-03-12,2026-03-12,Full Day Leave
465,2,158,2026-03-23,2026-03-23,Half Day Leave
466,2,158,2026-04-02,2026-04-02,Full Day Leave
467,2,159,2026-03-31,2026-03-31,Full Day Leave
468,2,160,2026-03-03,2026-03-03,Full Day Leave
469,2,162,2026-03-04,2026-03-04,Full Day Leave
470,2,162,2026-03-30,2026-03-30,Full Day Leave
471,2,163,2026-03-02,2026-03-02,Full Day Leave
472,2,163,2026-03-12,2026-03-12,Full Day Leave
473,2,163,2026-03-19,2026-03-19,Full Day Leave
474,2,165,2026-03-09,2026-03-09,Full Day Leave
475,2,166,2026-03-17,2026-03-17,Full Day Leave
476,2,167,2026-03-10,2026-03-10,Half Day Leave
477,2,167,2026-03-23,2026-03-24,Full Day Leave
478,2,167,2026-03-26,2026-03-26,Full Day Leave
479,2,168,2026-03-02,2026-03-02,Full Day Leave
480,2,174,2026-03-16,2026-03-16,Full Day Leave
481,2,174,2026-03-18,2026-03-18,Full Day Leave
482,2,175,2026-04-02,2026-04-02,Full Day Leave
483,2,177,2026-03-17,2026-03-17,Half Day Leave
484,2,179,2026-03-09,2026-03-09,Full Day Leave
485,2,179,2026-04-02,2026-04-02,Full Day Leave
486,2,180,2026-03-22,2026-03-22,Full Day Leave
487,2,181,2026-03-05,2026-03-05,Full Day Leave
488,2,182,2026-03-24,2026-03-24,Full Day Leave
489,2,184,2026-03-16,2026-03-16,Full Day Leave
490,2,185,2026-03-09,2026-03-09,Full Day Leave
491,2,185,2026-03-12,2026-03-12,Full Day Leave
492,2,185,2026-03-23,2026-03-24,Full Day Leave
493,2,186,2026-03-24,2026-03-24,Full Day Leave
494,2,187,2026-03-31,2026-03-31,Full Day Leave
495,2,188,2026-03-05,2026-03-08,Full Day Leave
496,2,188,2026-03-10,2026-03-10,Full Day Leave
497,2,188,2026-03-12,2026-03-12,Full Day Leave
498,2,189,2026-03-05,2026-03-05,Full Day Leave
499,2,191,2026-03-15,2026-03-16,Full Day Leave
500,2,191,2026-03-30,2026-03-30,Full Day Leave
501,2,194,2026-03-12,2026-03-12,Half Day Leave
502,2,194,2026-03-29,2026-03-29,Half Day Leave
503,2,198,2026-03-29,2026-03-29,Full Day Leave
504,2,201,2026-03-11,2026-03-11,Full Day Leave
505,2,201,2026-03-11,2026-03-11,Full Day Leave
506,2,203,2026-04-02,2026-04-02,Full Day Leave
507,2,208,2026-03-19,2026-03-19,Full Day Leave
508,2,209,2026-03-16,2026-03-17,Full Day Leave
509,2,211,2026-03-04,2026-03-04,Full Day Leave
510,2,211,2026-03-16,2026-03-17,Full Day Leave
511,2,214,2026-03-19,2026-03-22,Full Day Leave
512,2,214,2026-03-22,2026-03-22,Full Day Leave
513,2,215,2026-03-16,2026-03-16,Half Day Leave
514,2,216,2026-03-25,2026-03-25,Full Day Leave
515,2,216,2026-03-29,2026-03-29,Full Day Leave
516,2,227,2026-03-08,2026-03-08,Full Day Leave
517,2,227,2026-03-30,2026-03-30,Full Day Leave
518,2,228,2026-03-12,2026-03-15,Full Day Leave
519,2,230,2026-04-02,2026-04-02,Full Day Leave
520,2,231,2026-03-16,2026-03-17,Full Day Leave
521,2,231,2026-03-30,2026-03-30,Full Day Leave
522,2,232,2026-03-30,2026-03-30,Half Day Leave
523,2,233,2026-03-30,2026-03-30,Full Day Leave
524,2,234,2026-04-01,2026-04-01,Full Day Leave
525,2,235,2026-03-01,2026-03-01,Full Day Leave
526,2,238,2026-03-11,2026-03-12,Full Day Leave
527,2,238,2026-03-30,2026-03-31,Full Day Leave
528,2,240,2026-03-05,2026-03-08,Full Day Leave
529,2,241,2026-03-23,2026-03-24,Full Day Leave
530,2,242,2026-03-29,2026-03-29,Full Day Leave
531,2,248,2026-03-09,2026-03-10,Full Day Leave
532,2,251,2026-03-03,2026-03-03,Full Day Leave
533,2,254,2026-03-10,2026-03-10,Full Day Leave
534,2,254,2026-03-19,2026-03-19,Full Day Leave
535,2,255,2026-03-24,2026-03-24,Full Day Leave
536,2,256,2026-03-19,2026-03-19,Full Day Leave
537,2,257,2026-03-19,2026-03-22,Full Day Leave
538,2,257,2026-03-25,2026-03-25,Half Day Leave
539,2,259,2026-03-09,2026-03-09,Half Day Leave
540,2,260,2026-03-09,2026-03-09,Full Day Leave
541,2,260,2026-03-11,2026-03-11,Half Day Leave
542,2,261,2026-03-10,2026-03-10,Full Day Leave
543,2,261,2026-03-29,2026-03-29,Full Day Leave
544,2,263,2026-03-30,2026-03-30,Full Day Leave
545,2,265,2026-03-11,2026-03-11,Half Day Leave
546,2,266,2026-03-18,2026-03-18,Full Day Leave
547,2,267,2026-03-04,2026-03-04,Full Day Leave
548,2,267,2026-03-22,2026-03-22,Full Day Leave
549,2,267,2026-03-30,2026-03-30,Full Day Leave
550,2,268,2026-03-24,2026-03-25,Full Day Leave
551,2,270,2026-03-03,2026-03-03,Full Day Leave
552,2,273,2026-03-23,2026-03-23,Full Day Leave
553,2,274,2026-03-05,2026-03-05,Full Day Leave
554,2,275,2026-03-26,2026-03-26,Full Day Leave
555,2,276,2026-03-05,2026-03-05,Half Day Leave
556,2,276,2026-03-29,2026-03-29,Full Day Leave
557,2,281,2026-03-02,2026-03-02,Full Day Leave
558,2,286,2026-04-01,2026-04-01,Full Day Leave
559,2,287,2026-03-18,2026-03-18,Full Day Leave
560,2,292,2026-03-09,2026-03-09,Full Day Leave
561,2,292,2026-03-30,2026-03-30,Full Day Leave
562,2,293,2026-03-10,2026-03-10,Full Day Leave
563,2,294,2026-04-01,2026-04-01,Full Day Leave
564,2,295,2026-03-08,2026-03-08,Half Day Leave
565,2,295,2026-03-29,2026-03-30,Full Day Leave
566,2,297,2026-03-04,2026-03-04,Full Day Leave
567,2,297,2026-03-05,2026-03-08,Full Day Leave
568,2,299,2026-03-04,2026-03-05,Full Day Leave
569,2,305,2026-03-03,2026-03-03,Full Day Leave
570,2,305,2026-03-16,2026-03-16,Half Day Leave
571,2,309,2026-03-01,2026-03-01,Full Day Leave
572,2,309,2026-03-01,2026-03-01,Full Day Leave
573,2,309,2026-03-16,2026-03-16,Full Day Leave
574,2,311,2026-03-12,2026-03-12,Full Day Leave
575,2,313,2026-03-02,2026-03-02,Full Day Leave
576,2,313,2026-03-30,2026-03-30,Full Day Leave
577,2,314,2026-03-17,2026-03-17,Full Day Leave
578,2,315,2026-03-17,2026-03-17,Half Day Leave
579,2,317,2026-03-01,2026-03-01,Full Day Leave
580,2,318,2026-03-25,2026-03-25,Full Day Leave
581,2,319,2026-03-15,2026-03-15,Full Day Leave
582,2,320,2026-03-23,2026-03-23,Full Day Leave
583,2,323,2026-03-03,2026-03-03,Half Day Leave
584,2,323,2026-03-10,2026-03-10,Full Day Leave
585,2,324,2026-03-02,2026-03-02,Full Day Leave
586,2,324,2026-03-29,2026-03-30,Full Day Leave
587,2,328,2026-03-02,2026-03-02,Full Day Leave
588,2,328,2026-03-25,2026-03-25,Full Day Leave
589,2,332,2026-03-01,2026-03-01,Half Day Leave
590,2,332,2026-03-11,2026-03-11,Full Day Leave
591,2,337,2026-03-30,2026-03-30,Full Day Leave
592,2,338,2026-03-25,2026-03-25,Full Day Leave
593,2,339,2026-03-19,2026-03-19,Full Day Leave
594,2,341,2026-03-15,2026-03-15,Full Day Leave
595,2,342,2026-03-22,2026-03-22,Half Day Leave
596,2,343,2026-03-16,2026-03-16,Full Day Leave
597,2,344,2026-03-22,2026-03-23,Full Day Leave
598,2,348,2026-03-11,2026-03-11,Half Day Leave
599,2,351,2026-03-12,2026-03-15,Full Day Leave
600,2,354,2026-03-30,2026-03-30,Full Day Leave
601,2,358,2026-03-16,2026-03-17,Full Day Leave
602,2,359,2026-03-02,2026-03-02,Half Day Leave
603,2,360,2026-03-17,2026-03-17,Full Day Leave
604,2,363,2026-03-25,2026-03-26,Full Day Leave
605,2,365,2026-03-22,2026-03-23,Full Day Leave
606,2,382,2026-03-22,2026-03-23,Full Day Leave
607,2,384,2026-04-01,2026-04-02,Full Day Leave
608,2,385,2026-03-26,2026-03-29,Full Day Leave
609,2,385,2026-03-31,2026-03-31,Half Day Leave
610,3,1,2026-03-03,2026-03-03,Full Day Leave
611,3,1,2026-03-23,2026-03-24,Full Day Leave
612,3,2,2026-04-01,2026-04-01,Full Day Leave
613,3,6,2026-03-17,2026-03-17,Full Day Leave
614,3,6,2026-03-23,2026-03-23,Full Day Leave
615,3,7,2026-03-10,2026-03-10,Full Day Leave
616,3,8,2026-03-09,2026-03-09,Full Day Leave
617,3,8,2026-03-15,2026-03-15,Full Day Leave
618,3,8,2026-03-29,2026-03-29,Full Day Leave
619,3,10,2026-03-30,2026-03-30,Half Day Leave
620,3,11,2026-03-11,2026-03-11,Full Day Leave
621,3,12,2026-03-01,2026-03-01,Full Day Leave
622,3,12,2026-03-25,2026-03-26,Full Day Leave
623,3,13,2026-03-08,2026-03-08,Half Day Leave
624,3,13,2026-04-02,2026-04-02,Full Day Leave
625,3,14,2026-03-04,2026-03-04,Full Day Leave
626,3,14,2026-04-01,2026-04-01,Full Day Leave
627,3,15,2026-03-11,2026-03-11,Full Day Leave
628,3,15,2026-03-31,2026-03-31,Full Day Leave
629,3,16,2026-03-25,2026-03-25,Full Day Leave
630,3,18,2026-03-05,2026-03-05,Full Day Leave
631,3,18,2026-03-19,2026-03-19,Half Day Leave
632,3,18,2026-03-30,2026-03-30,Full Day Leave
633,3,19,2026-03-09,2026-03-09,Half Day Leave
634,3,20,2026-03-18,2026-03-18,Full Day Leave
635,3,20,2026-03-19,2026-03-19,Full Day Leave
636,3,21,2026-03-23,2026-03-23,Full Day Leave
637,3,21,2026-03-25,2026-03-25,Full Day Leave
638,3,21,2026-03-29,2026-03-30,Full Day Leave
639,3,22,2026-03-17,2026-03-17,Half Day Leave
640,3,25,2026-04-02,2026-04-02,Half Day Leave
641,3,27,2026-03-19,2026-03-19,Full Day Leave
642,3,27,2026-03-25,2026-03-25,Full Day Leave
643,3,28,2026-03-03,2026-03-03,Full Day Leave
644,3,29,2026-03-24,2026-03-24,Half Day Leave
645,3,32,2026-03-29,2026-03-29,Full Day Leave
646,3,32,2026-04-02,2026-04-02,Full Day Leave
647,3,33,2026-03-05,2026-03-05,Full Day Leave
648,3,33,2026-03-17,2026-03-18,Full Day Leave
649,3,36,2026-03-08,2026-03-08,Full Day Leave
650,3,36,2026-03-16,2026-03-16,Full Day Leave
651,3,36,2026-03-29,2026-03-29,Half Day Leave
652,3,37,2026-04-01,2026-04-01,Half Day Leave
653,3,39,2026-03-04,2026-03-04,Full Day Leave
654,3,40,2026-03-04,2026-03-04,Full Day Leave
655,3,40,2026-03-11,2026-03-11,Full Day Leave
656,3,41,2026-03-09,2026-03-10,Full Day Leave
657,3,43,2026-03-29,2026-03-29,Full Day Leave
658,3,43,2026-03-31,2026-03-31,Full Day Leave
659,3,44,2026-03-10,2026-03-10,Full Day Leave
660,3,46,2026-03-30,2026-03-30,Half Day Leave
661,3,46,2026-04-02,2026-04-02,Full Day Leave
662,3,47,2026-03-05,2026-03-05,Full Day Leave
663,3,47,2026-03-24,2026-03-24,Full Day Leave
664,3,47,2026-03-25,2026-03-25,Full Day Leave
665,3,48,2026-03-22,2026-03-22,Full Day Leave
666,3,49,2026-03-22,2026-03-22,Full Day Leave
667,3,49,2026-03-31,2026-03-31,Full Day Leave
668,3,50,2026-03-31,2026-03-31,Full Day Leave
669,3,51,2026-03-11,2026-03-11,Half Day Leave
670,3,52,2026-03-01,2026-03-02,Full Day Leave
671,3,53,2026-03-11,2026-03-11,Full Day Leave
672,3,54,2026-03-18,2026-03-18,Full Day Leave
673,3,55,2026-03-05,2026-03-05,Full Day Leave
674,3,56,2026-03-10,2026-03-10,Full Day Leave
675,3,57,2026-03-12,2026-03-12,Half Day Leave
676,3,57,2026-03-16,2026-03-16,Full Day Leave
677,3,59,2026-03-10,2026-03-10,Full Day Leave
678,3,60,2026-03-10,2026-03-10,Full Day Leave
679,3,61,2026-03-15,2026-03-15,Full Day Leave
680,3,62,2026-03-31,2026-03-31,Half Day Leave
681,3,63,2026-03-25,2026-03-25,Full Day Leave
682,3,64,2026-03-23,2026-03-23,Full Day Leave
683,3,64,2026-03-31,2026-03-31,Half Day Leave
684,3,65,2026-03-11,2026-03-11,Full Day Leave
685,3,65,2026-03-24,2026-03-24,Full Day Leave
686,3,65,2026-03-31,2026-04-01,Full Day Leave
687,3,66,2026-03-17,2026-03-17,Full Day Leave
688,3,66,2026-03-31,2026-03-31,Half Day Leave
689,3,67,2026-03-01,2026-03-01,Full Day Leave
690,3,67,2026-03-22,2026-03-22,Full Day Leave
691,3,68,2026-04-02,2026-04-02,Full Day Leave
692,3,69,2026-03-12,2026-03-12,Full Day Leave
693,3,69,2026-03-22,2026-03-22,Full Day Leave
694,3,69,2026-03-23,2026-03-23,Full Day Leave
695,3,70,2026-03-04,2026-03-04,Full Day Leave
696,3,72,2026-03-08,2026-03-08,Full Day Leave
697,3,72,2026-03-12,2026-03-12,Full Day Leave
698,3,73,2026-03-03,2026-03-03,Full Day Leave
699,3,74,2026-03-02,2026-03-02,Full Day Leave
700,3,75,2026-03-02,2026-03-02,Full Day Leave
701,3,76,2026-03-02,2026-03-02,Full Day Leave
702,3,77,2026-03-12,2026-03-12,Half Day Leave
703,3,77,2026-03-29,2026-03-29,Half Day Leave
704,3,78,2026-03-11,2026-03-11,Full Day Leave
705,3,79,2026-03-11,2026-03-11,Full Day Leave
706,3,79,2026-03-23,2026-03-23,Full Day Leave
707,3,84,2026-03-17,2026-03-17,Full Day Leave
708,3,86,2026-03-30,2026-03-30,Full Day Leave
709,3,87,2026-03-16,2026-03-16,Full Day Leave
710,3,88,2026-03-11,2026-03-11,Full Day Leave
711,3,91,2026-03-30,2026-03-30,Half Day Leave
712,3,92,2026-03-03,2026-03-03,Full Day Leave
713,3,93,2026-03-08,2026-03-08,Full Day Leave
714,3,93,2026-03-12,2026-03-12,Full Day Leave
715,3,93,2026-03-29,2026-03-29,Full Day Leave
716,3,94,2026-03-31,2026-03-31,Full Day Leave
717,3,95,2026-03-04,2026-03-04,Full Day Leave
718,3,96,2026-04-01,2026-04-01,Full Day Leave
719,3,99,2026-03-26,2026-03-26,Full Day Leave
720,3,100,2026-03-17,2026-03-17,Half Day Leave
721,3,100,2026-03-23,2026-03-23,Half Day Leave
722,3,100,2026-03-29,2026-03-29,Half Day Leave
723,3,101,2026-03-11,2026-03-11,Full Day Leave
724,3,103,2026-03-22,2026-03-23,Full Day Leave
725,3,104,2026-03-15,2026-03-15,Full Day Leave
726,3,104,2026-04-01,2026-04-01,Full Day Leave
727,3,105,2026-03-18,2026-03-18,Full Day Leave
728,3,105,2026-03-18,2026-03-18,Full Day Leave
729,3,108,2026-03-02,2026-03-02,Full Day Leave
730,3,108,2026-03-16,2026-03-16,Full Day Leave
731,3,110,2026-03-19,2026-03-19,Full Day Leave
732,3,111,2026-03-16,2026-03-16,Half Day Leave
733,3,111,2026-03-25,2026-03-25,Full Day Leave
734,3,115,2026-03-08,2026-03-09,Full Day Leave
735,3,115,2026-03-16,2026-03-16,Full Day Leave
736,3,115,2026-03-25,2026-03-25,Half Day Leave
737,3,115,2026-03-31,2026-03-31,Full Day Leave
738,3,116,2026-03-02,2026-03-02,Full Day Leave
739,3,116,2026-03-24,2026-03-24,Half Day Leave
740,3,120,2026-03-11,2026-03-12,Full Day Leave
741,3,120,2026-03-22,2026-03-22,Full Day Leave
742,3,121,2026-03-12,2026-03-12,Full Day Leave
743,3,121,2026-03-16,2026-03-16,Full Day Leave
744,3,121,2026-03-26,2026-03-29,Full Day Leave
745,3,122,2026-03-19,2026-03-19,Half Day Leave
746,3,123,2026-03-30,2026-03-30,Full Day Leave
747,3,126,2026-03-18,2026-03-18,Full Day Leave
748,3,126,2026-03-30,2026-03-30,Full Day Leave
749,3,126,2026-04-01,2026-04-01,Half Day Leave
750,3,127,2026-03-24,2026-03-24,Full Day Leave
751,3,131,2026-03-25,2026-03-25,Full Day Leave
752,3,131,2026-03-26,2026-03-26,Half Day Leave
753,3,132,2026-03-08,2026-03-08,Full Day Leave
754,3,135,2026-03-01,2026-03-01,Full Day Leave
755,3,135,2026-03-19,2026-03-19,Half Day Leave
756,3,136,2026-03-26,2026-03-26,Full Day Leave
757,3,136,2026-03-26,2026-03-26,Full Day Leave
758,3,136,2026-04-01,2026-04-01,Half Day Leave
759,3,138,2026-03-10,2026-03-10,Half Day Leave
760,3,138,2026-03-22,2026-03-23,Full Day Leave
761,3,140,2026-03-15,2026-03-15,Full Day Leave
762,3,140,2026-03-31,2026-04-01,Full Day Leave
763,3,141,2026-03-23,2026-03-23,Full Day Leave
764,3,142,2026-03-03,2026-03-03,Full Day Leave
765,3,143,2026-03-09,2026-03-09,Full Day Leave
766,3,143,2026-03-30,2026-03-30,Full Day Leave
767,3,144,2026-04-01,2026-04-01,Full Day Leave
768,3,146,2026-03-04,2026-03-04,Full Day Leave
769,3,146,2026-04-01,2026-04-01,Full Day Leave
770,3,147,2026-03-02,2026-03-02,Full Day Leave
771,3,148,2026-03-24,2026-03-24,Full Day Leave
772,3,148,2026-03-31,2026-03-31,Full Day Leave
773,3,149,2026-03-12,2026-03-12,Full Day Leave
774,3,149,2026-04-01,2026-04-01,Full Day Leave
775,3,149,2026-04-02,2026-04-02,Half Day Leave
776,3,150,2026-03-11,2026-03-11,Half Day Leave
777,3,150,2026-03-18,2026-03-19,Full Day Leave
778,3,150,2026-04-02,2026-04-02,Half Day Leave
779,3,153,2026-03-10,2026-03-10,Full Day Leave
780,3,153,2026-03-24,2026-03-24,Full Day Leave
781,3,154,2026-03-17,2026-03-17,Full Day Leave
782,3,154,2026-03-23,2026-03-23,Half Day Leave
783,3,156,2026-03-23,2026-03-23,Full Day Leave
784,3,156,2026-03-30,2026-03-30,Full Day Leave
785,3,157,2026-03-17,2026-03-17,Full Day Leave
786,3,157,2026-03-23,2026-03-23,Half Day Leave
787,3,157,2026-03-24,2026-03-24,Full Day Leave
788,3,160,2026-03-01,2026-03-01,Full Day Leave
789,3,161,2026-03-04,2026-03-04,Full Day Leave
790,3,161,2026-03-12,2026-03-12,Full Day Leave
791,3,163,2026-03-10,2026-03-10,Full Day Leave
792,3,163,2026-03-11,2026-03-11,Full Day Leave
793,3,166,2026-03-05,2026-03-05,Full Day Leave
794,3,168,2026-03-16,2026-03-17,Full Day Leave
795,3,169,2026-03-18,2026-03-18,Full Day Leave
796,3,170,2026-04-02,2026-04-02,Half Day Leave
797,3,171,2026-03-15,2026-03-16,Full Day Leave
798,3,173,2026-03-12,2026-03-12,Half Day Leave
799,3,174,2026-03-09,2026-03-09,Half Day Leave
800,3,179,2026-04-02,2026-04-02,Full Day Leave
801,3,184,2026-03-11,2026-03-11,Full Day Leave
802,3,184,2026-03-26,2026-03-26,Full Day Leave
803,3,184,2026-03-29,2026-03-29,Half Day Leave
804,3,186,2026-03-05,2026-03-05,Half Day Leave
805,3,189,2026-03-04,2026-03-04,Full Day Leave
806,3,191,2026-03-10,2026-03-10,Full Day Leave
807,3,191,2026-04-01,2026-04-02,Full Day Leave
808,3,193,2026-03-19,2026-03-19,Full Day Leave
809,3,193,2026-04-02,2026-04-02,Full Day Leave
810,3,194,2026-03-01,2026-03-01,Half Day Leave
811,3,194,2026-03-11,2026-03-12,Full Day Leave
812,3,194,2026-03-22,2026-03-22,Full Day Leave
813,3,195,2026-03-11,2026-03-12,Full Day Leave
814,3,196,2026-04-01,2026-04-01,Half Day Leave
815,3,198,2026-03-04,2026-03-04,Full Day Leave
816,3,198,2026-03-24,2026-03-24,Full Day Leave
817,3,201,2026-03-25,2026-03-25,Full Day Leave
818,3,203,2026-03-08,2026-03-08,Full Day Leave
819,3,203,2026-03-16,2026-03-16,Full Day Leave
820,3,209,2026-03-22,2026-03-22,Full Day Leave
821,3,209,2026-04-02,2026-04-02,Half Day Leave
822,3,210,2026-03-04,2026-03-04,Full Day Leave
823,3,212,2026-03-26,2026-03-26,Full Day Leave
824,3,214,2026-03-16,2026-03-16,Half Day Leave
825,3,215,2026-03-04,2026-03-05,Full Day Leave
826,3,215,2026-03-17,2026-03-17,Half Day Leave
827,3,216,2026-03-26,2026-03-26,Full Day Leave
828,3,217,2026-03-02,2026-03-03,Full Day Leave
829,3,217,2026-03-05,2026-03-05,Full Day Leave
830,3,218,2026-03-10,2026-03-11,Full Day Leave
831,3,218,2026-03-17,2026-03-17,Half Day Leave
832,3,219,2026-03-19,2026-03-19,Full Day Leave
833,3,219,2026-03-22,2026-03-22,Full Day Leave
834,3,220,2026-03-04,2026-03-04,Full Day Leave
835,3,220,2026-03-10,2026-03-10,Full Day Leave
836,3,220,2026-03-26,2026-03-26,Half Day Leave
837,3,221,2026-03-08,2026-03-08,Full Day Leave
838,3,221,2026-03-31,2026-03-31,Half Day Leave
839,3,223,2026-03-03,2026-03-03,Full Day Leave
840,3,224,2026-03-01,2026-03-01,Half Day Leave
841,3,224,2026-03-05,2026-03-05,Full Day Leave
842,3,224,2026-03-17,2026-03-17,Full Day Leave
843,3,226,2026-03-10,2026-03-10,Full Day Leave
844,3,227,2026-03-25,2026-03-25,Full Day Leave
845,3,229,2026-03-05,2026-03-05,Full Day Leave
846,3,229,2026-03-15,2026-03-15,Full Day Leave
847,3,231,2026-03-23,2026-03-23,Full Day Leave
848,3,232,2026-03-01,2026-03-01,Full Day Leave
849,3,232,2026-04-02,2026-04-02,Full Day Leave
850,3,233,2026-03-17,2026-03-17,Full Day Leave
851,3,234,2026-03-17,2026-03-17,Full Day Leave
852,3,234,2026-03-19,2026-03-19,Full Day Leave
853,3,236,2026-03-18,2026-03-19,Full Day Leave
854,3,239,2026-03-10,2026-03-10,Full Day Leave
855,3,241,2026-03-08,2026-03-08,Half Day Leave
856,3,244,2026-04-01,2026-04-01,Full Day Leave
857,3,245,2026-03-04,2026-03-04,Full Day Leave
858,3,246,2026-03-17,2026-03-17,Full Day Leave
859,3,249,2026-03-12,2026-03-12,Half Day Leave
860,3,249,2026-03-16,2026-03-17,Full Day Leave
861,3,251,2026-03-18,2026-03-18,Full Day Leave
862,3,255,2026-03-12,2026-03-12,Full Day Leave
863,3,259,2026-03-03,2026-03-04,Full Day Leave
864,3,262,2026-03-16,2026-03-16,Full Day Leave
865,3,264,2026-03-22,2026-03-22,Full Day Leave
866,3,267,2026-03-04,2026-03-04,Half Day Leave
867,3,267,2026-03-17,2026-03-17,Full Day Leave
868,3,271,2026-04-01,2026-04-01,Half Day Leave
869,3,275,2026-03-19,2026-03-19,Full Day Leave
870,3,277,2026-03-10,2026-03-10,Full Day Leave
871,3,277,2026-03-23,2026-03-23,Full Day Leave
872,3,279,2026-03-02,2026-03-02,Full Day Leave
873,3,281,2026-03-22,2026-03-23,Full Day Leave
874,3,283,2026-03-22,2026-03-22,Full Day Leave
875,3,284,2026-03-11,2026-03-12,Full Day Leave
876,3,286,2026-03-10,2026-03-10,Half Day Leave
877,3,289,2026-03-01,2026-03-01,Full Day Leave
878,3,293,2026-03-01,2026-03-02,Full Day Leave
879,3,293,2026-03-03,2026-03-03,Full Day Leave
880,3,293,2026-03-24,2026-03-24,Full Day Leave
881,3,302,2026-03-22,2026-03-22,Half Day Leave
882,3,304,2026-03-03,2026-03-03,Half Day Leave
883,3,304,2026-03-08,2026-03-08,Full Day Leave
884,3,305,2026-04-01,2026-04-01,Full Day Leave
885,3,305,2026-04-01,2026-04-02,Full Day Leave
886,3,306,2026-03-15,2026-03-15,Full Day Leave
887,3,314,2026-03-26,2026-03-26,Full Day Leave
888,3,314,2026-04-01,2026-04-01,Full Day Leave
889,3,317,2026-04-01,2026-04-01,Full Day Leave
890,3,319,2026-03-11,2026-03-12,Full Day Leave
891,3,320,2026-03-01,2026-03-02,Full Day Leave
892,3,320,2026-03-05,2026-03-05,Half Day Leave
893,3,320,2026-03-15,2026-03-15,Full Day Leave
894,3,324,2026-03-15,2026-03-15,Full Day Leave
895,3,324,2026-03-18,2026-03-18,Half Day Leave
896,3,326,2026-03-17,2026-03-17,Half Day Leave
897,3,331,2026-03-03,2026-03-03,Full Day Leave
898,3,331,2026-03-05,2026-03-05,Half Day Leave
899,3,334,2026-03-05,2026-03-05,Full Day Leave
900,3,336,2026-03-19,2026-03-19,Full Day Leave
901,3,340,2026-03-01,2026-03-02,Full Day Leave
902,3,340,2026-03-30,2026-03-30,Full Day Leave
903,3,341,2026-03-18,2026-03-18,Half Day Leave
904,3,342,2026-03-30,2026-03-31,Full Day Leave
905,3,344,2026-03-17,2026-03-18,Full Day Leave
906,3,345,2026-03-04,2026-03-04,Full Day Leave
907,3,347,2026-03-10,2026-03-10,Full Day Leave
908,3,347,2026-03-15,2026-03-15,Full Day Leave
909,3,348,2026-03-17,2026-03-17,Half Day Leave
910,3,353,2026-03-18,2026-03-18,Full Day Leave
911,3,355,2026-04-02,2026-04-02,Full Day Leave
912,3,357,2026-03-18,2026-03-18,Full Day Leave
913,4,1,2026-03-01,2026-03-01,Full Day Leave
914,4,1,2026-03-04,2026-03-04,Full Day Leave
915,4,1,2026-03-17,2026-03-18,Full Day Leave
916,4,1,2026-04-01,2026-04-01,Full Day Leave
917,4,3,2026-03-30,2026-03-30,Full Day Leave
918,4,3,2026-04-02,2026-04-02,Full Day Leave
919,4,4,2026-03-16,2026-03-16,Full Day Leave
920,4,4,2026-03-29,2026-03-29,Half Day Leave
921,4,5,2026-03-18,2026-03-18,Half Day Leave
922,4,8,2026-03-19,2026-03-19,Full Day Leave
923,4,8,2026-03-25,2026-03-25,Full Day Leave
924,4,9,2026-03-05,2026-03-05,Full Day Leave
925,4,9,2026-03-24,2026-03-24,Full Day Leave
926,4,11,2026-03-09,2026-03-09,Full Day Leave
927,4,12,2026-03-25,2026-03-25,Half Day Leave
928,4,13,2026-03-31,2026-03-31,Full Day Leave
929,4,14,2026-03-16,2026-03-16,Full Day Leave
930,4,14,2026-03-29,2026-03-29,Full Day Leave
931,4,15,2026-03-05,2026-03-05,Full Day Leave
932,4,16,2026-03-05,2026-03-05,Half Day Leave
933,4,16,2026-03-15,2026-03-15,Full Day Leave
934,4,17,2026-03-11,2026-03-11,Half Day Leave
935,4,17,2026-03-23,2026-03-23,Full Day Leave
936,4,17,2026-03-29,2026-03-29,Half Day Leave
937,4,18,2026-03-10,2026-03-10,Full Day Leave
938,4,20,2026-03-23,2026-03-23,Full Day Leave
939,4,21,2026-03-09,2026-03-09,Full Day Leave
940,4,21,2026-03-29,2026-03-29,Full Day Leave
941,4,22,2026-03-05,2026-03-08,Full Day Leave
942,4,23,2026-03-19,2026-03-19,Full Day Leave
943,4,23,2026-03-31,2026-03-31,Full Day Leave
944,4,26,2026-03-15,2026-03-15,Full Day Leave
945,4,27,2026-03-05,2026-03-05,Full Day Leave
946,4,28,2026-03-31,2026-03-31,Full Day Leave
947,4,29,2026-03-11,2026-03-11,Full Day Leave
948,4,30,2026-03-24,2026-03-24,Full Day Leave
949,4,30,2026-04-01,2026-04-01,Half Day Leave
950,4,31,2026-03-01,2026-03-01,Full Day Leave
951,4,31,2026-03-10,2026-03-10,Full Day Leave
952,4,34,2026-03-25,2026-03-25,Half Day Leave
953,4,35,2026-03-22,2026-03-22,Full Day Leave
954,4,38,2026-03-19,2026-03-19,Full Day Leave
955,4,38,2026-03-26,2026-03-26,Half Day Leave
956,4,39,2026-03-11,2026-03-12,Full Day Leave
957,4,39,2026-03-15,2026-03-15,Full Day Leave
958,4,39,2026-03-29,2026-03-29,Half Day Leave
959,4,40,2026-03-01,2026-03-01,Half Day Leave
960,4,40,2026-03-30,2026-03-30,Full Day Leave
961,4,41,2026-03-01,2026-03-01,Full Day Leave
962,4,41,2026-03-10,2026-03-10,Half Day Leave
963,4,41,2026-03-17,2026-03-17,Full Day Leave
964,4,42,2026-03-05,2026-03-05,Half Day Leave
965,4,42,2026-03-05,2026-03-05,Full Day Leave
966,4,42,2026-03-16,2026-03-16,Full Day Leave
967,4,43,2026-03-01,2026-03-01,Full Day Leave
968,4,43,2026-03-19,2026-03-19,Full Day Leave
969,4,44,2026-03-19,2026-03-19,Full Day Leave
970,4,44,2026-04-01,2026-04-01,Half Day Leave
971,4,45,2026-04-02,2026-04-02,Half Day Leave
972,4,47,2026-03-23,2026-03-23,Full Day Leave
973,4,51,2026-03-30,2026-03-30,Full Day Leave
974,4,52,2026-03-31,2026-03-31,Half Day Leave
975,4,54,2026-03-24,2026-03-24,Full Day Leave
976,4,56,2026-03-26,2026-03-26,Full Day Leave
977,4,56,2026-04-01,2026-04-02,Full Day Leave
978,4,58,2026-03-16,2026-03-16,Full Day Leave
979,4,59,2026-04-01,2026-04-01,Full Day Leave
980,4,60,2026-03-15,2026-03-15,Half Day Leave
981,4,63,2026-03-09,2026-03-09,Full Day Leave
982,4,63,2026-03-22,2026-03-22,Full Day Leave
983,4,65,2026-03-04,2026-03-05,Full Day Leave
984,4,65,2026-03-26,2026-03-26,Half Day Leave
985,4,66,2026-03-25,2026-03-25,Half Day Leave
986,4,68,2026-03-05,2026-03-05,Full Day Leave
987,4,68,2026-03-10,2026-03-10,Half Day Leave
988,4,68,2026-03-12,2026-03-12,Full Day Leave
989,4,69,2026-03-26,2026-03-26,Full Day Leave
990,4,70,2026-03-24,2026-03-24,Full Day Leave
991,4,70,2026-04-01,2026-04-01,Full Day Leave
992,4,72,2026-03-23,2026-03-23,Full Day Leave
993,4,72,2026-03-29,2026-03-29,Half Day Leave
994,4,73,2026-03-22,2026-03-22,Full Day Leave
995,4,73,2026-03-22,2026-03-22,Full Day Leave
996,4,75,2026-03-24,2026-03-25,Full Day Leave
997,4,76,2026-03-11,2026-03-11,Full Day Leave
998,4,76,2026-03-25,2026-03-25,Full Day Leave
999,4,76,2026-03-30,2026-03-31,Full Day Leave
1000,4,78,2026-03-23,2026-03-23,Full Day Leave
1001,4,79,2026-03-04,2026-03-05,Full Day Leave
1002,5,3,2026-03-03,2026-03-03,Full Day Leave
1003,5,4,2026-03-01,2026-03-01,Full Day Leave
1004,5,4,2026-03-19,2026-03-22,Full Day Leave
1005,5,5,2026-03-26,2026-03-26,Half Day Leave
1006,5,7,2026-03-26,2026-03-26,Full Day Leave
1007,5,8,2026-03-29,2026-03-29,Full Day Leave
1008,5,8,2026-03-31,2026-03-31,Full Day Leave
1009,5,8,2026-04-01,2026-04-01,Half Day Leave
1010,5,9,2026-03-04,2026-03-05,Full Day Leave
1011,5,9,2026-03-10,2026-03-10,Full Day Leave
1012,5,9,2026-04-02,2026-04-02,Full Day Leave
1013,5,11,2026-03-16,2026-03-16,Full Day Leave
1014,5,11,2026-03-30,2026-03-30,Full Day Leave
1015,5,12,2026-03-03,2026-03-03,Full Day Leave
1016,5,13,2026-03-02,2026-03-02,Full Day Leave
1017,5,13,2026-03-03,2026-03-03,Full Day Leave
1018,5,14,2026-03-01,2026-03-01,Full Day Leave
1019,5,15,2026-03-23,2026-03-24,Full Day Leave
1020,5,15,2026-03-30,2026-03-30,Full Day Leave
1021,5,16,2026-03-01,2026-03-01,Full Day Leave
1022,5,16,2026-03-29,2026-03-29,Full Day Leave
1023,5,17,2026-03-01,2026-03-01,Full Day Leave
1024,5,18,2026-03-29,2026-03-29,Full Day Leave
1025,5,19,2026-03-24,2026-03-24,Full Day Leave
1026,5,20,2026-03-10,2026-03-10,Full Day Leave
1027,5,21,2026-03-02,2026-03-02,Full Day Leave
1028,5,21,2026-04-02,2026-04-02,Full Day Leave
1029,5,22,2026-04-01,2026-04-01,Full Day Leave
1030,5,26,2026-03-18,2026-03-18,Full Day Leave
1031,5,27,2026-03-11,2026-03-12,Full Day Leave
1032,5,28,2026-03-03,2026-03-03,Half Day Leave
1033,5,28,2026-03-11,2026-03-11,Full Day Leave
1034,5,28,2026-03-17,2026-03-17,Half Day Leave
1035,5,30,2026-03-09,2026-03-09,Full Day Leave
1036,5,30,2026-03-24,2026-03-24,Full Day Leave
1037,5,30,2026-03-26,2026-03-26,Full Day Leave
1038,5,31,2026-03-04,2026-03-04,Full Day Leave
1039,5,31,2026-03-16,2026-03-16,Full Day Leave
1040,5,32,2026-03-12,2026-03-12,Full Day Leave
1041,5,33,2026-03-15,2026-03-15,Half Day Leave
1042,5,33,2026-03-17,2026-03-17,Full Day Leave
1043,5,33,2026-03-26,2026-03-26,Full Day Leave
1044,5,34,2026-03-05,2026-03-05,Full Day Leave
1045,5,34,2026-03-17,2026-03-17,Full Day Leave
1046,5,34,2026-03-17,2026-03-17,Full Day Leave
1047,5,35,2026-03-03,2026-03-03,Full Day Leave
1048,5,36,2026-03-11,2026-03-11,Full Day Leave
1049,5,36,2026-03-19,2026-03-19,Full Day Leave
1050,5,37,2026-03-26,2026-03-26,Full Day Leave
1051,5,39,2026-03-05,2026-03-05,Full Day Leave
1052,5,39,2026-03-25,2026-03-25,Full Day Leave
1053,5,40,2026-03-08,2026-03-08,Full Day Leave
1054,5,40,2026-03-10,2026-03-10,Full Day Leave
1055,5,42,2026-03-10,2026-03-11,Full Day Leave
1056,5,42,2026-03-15,2026-03-15,Half Day Leave
1057,5,42,2026-03-16,2026-03-16,Full Day Leave
1058,5,42,2026-03-26,2026-03-26,Full Day Leave
1059,5,42,2026-04-01,2026-04-01,Full Day Leave
1060,5,43,2026-03-08,2026-03-08,Full Day Leave
1061,5,43,2026-03-11,2026-03-12,Full Day Leave
1062,5,43,2026-03-23,2026-03-23,Half Day Leave
1063,5,43,2026-03-30,2026-03-30,Half Day Leave
1064,5,44,2026-03-15,2026-03-15,Half Day Leave
1065,5,44,2026-03-30,2026-03-30,Full Day Leave
1066,5,46,2026-03-17,2026-03-17,Full Day Leave
1067,5,47,2026-03-25,2026-03-25,Half Day Leave
1068,5,48,2026-03-09,2026-03-09,Half Day Leave
1069,5,48,2026-03-12,2026-03-12,Full Day Leave
1070,5,48,2026-03-23,2026-03-23,Full Day Leave
1071,5,48,2026-03-25,2026-03-25,Half Day Leave
1072,5,49,2026-03-09,2026-03-09,Full Day Leave
1073,5,51,2026-03-26,2026-03-26,Full Day Leave
1074,5,51,2026-03-29,2026-03-29,Half Day Leave
1075,5,55,2026-03-12,2026-03-12,Full Day Leave
1076,5,55,2026-03-15,2026-03-15,Full Day Leave
1077,5,56,2026-03-03,2026-03-03,Full Day Leave
1078,5,56,2026-03-23,2026-03-23,Half Day Leave
1079,5,57,2026-03-08,2026-03-08,Full Day Leave
1080,5,58,2026-03-17,2026-03-17,Full Day Leave
1081,5,58,2026-03-22,2026-03-22,Full Day Leave
1082,5,58,2026-03-31,2026-03-31,Full Day Leave
1083,5,60,2026-03-10,2026-03-10,Full Day Leave
1084,5,60,2026-04-01,2026-04-01,Full Day Leave
1085,5,62,2026-03-29,2026-03-29,Full Day Leave
1086,5,64,2026-03-10,2026-03-10,Full Day Leave
1087,5,66,2026-03-01,2026-03-01,Full Day Leave
1088,5,66,2026-03-15,2026-03-15,Full Day Leave
1089,5,67,2026-03-25,2026-03-25,Full Day Leave
1090,5,67,2026-03-29,2026-03-29,Half Day Leave
1091,5,68,2026-03-30,2026-03-30,Full Day Leave
1092,5,68,2026-04-02,2026-04-02,Full Day Leave
1093,5,69,2026-03-15,2026-03-15,Full Day Leave
1094,5,70,2026-03-31,2026-03-31,Full Day Leave
1095,5,70,2026-04-01,2026-04-01,Full Day Leave
1096,5,72,2026-03-01,2026-03-01,Half Day Leave
1097,5,74,2026-03-11,2026-03-11,Full Day Leave
1098,5,76,2026-03-18,2026-03-19,Full Day Leave
1099,5,78,2026-03-15,2026-03-15,Full Day Leave
1100,5,78,2026-03-29,2026-03-30,Full Day Leave
1101,5,79,2026-03-11,2026-03-11,Half Day Leave
1102,5,79,2026-03-24,2026-03-24,Full Day Leave
1103,5,79,2026-03-31,2026-03-31,Full Day Leave
1104,5,80,2026-03-31,2026-03-31,Full Day Leave
1105,5,80,2026-03-31,2026-03-31,Half Day Leave
1106,5,81,2026-03-05,2026-03-05,Half Day Leave
1107,5,81,2026-03-18,2026-03-18,Full Day Leave
1108,5,81,2026-03-19,2026-03-19,Half Day Leave
1109,5,82,2026-03-10,2026-03-11,Full Day Leave
1110,5,83,2026-03-15,2026-03-15,Full Day Leave
1111,5,83,2026-03-26,2026-03-26,Full Day Leave
1112,5,84,2026-03-02,2026-03-02,Full Day Leave
1113,5,84,2026-03-25,2026-03-25,Full Day Leave
1114,5,85,2026-03-05,2026-03-05,Full Day Leave
1115,5,85,2026-03-22,2026-03-22,Half Day Leave
1116,5,87,2026-03-17,2026-03-17,Full Day Leave
1117,5,88,2026-03-30,2026-03-30,Half Day Leave
1118,5,92,2026-03-23,2026-03-23,Half Day Leave
1119,5,92,2026-03-30,2026-03-30,Full Day Leave
1120,5,93,2026-03-11,2026-03-11,Full Day Leave
1121,5,93,2026-03-24,2026-03-24,Half Day Leave
1122,5,94,2026-03-03,2026-03-03,Full Day Leave
1123,5,95,2026-03-25,2026-03-25,Half Day Leave
1124,5,97,2026-03-05,2026-03-05,Full Day Leave
1125,5,97,2026-03-08,2026-03-08,Half Day Leave
1126,5,97,2026-03-18,2026-03-18,Full Day Leave
1127,5,97,2026-03-29,2026-03-29,Full Day Leave
1128,5,98,2026-03-17,2026-03-18,Full Day Leave
1129,5,98,2026-03-29,2026-03-29,Full Day Leave
1130,5,102,2026-03-30,2026-03-30,Full Day Leave
1131,5,104,2026-03-16,2026-03-16,Full Day Leave
1132,5,106,2026-03-23,2026-03-23,Full Day Leave
1133,5,107,2026-03-08,2026-03-08,Half Day Leave
1134,5,108,2026-03-02,2026-03-02,Full Day Leave
1135,5,108,2026-03-05,2026-03-05,Full Day Leave
1136,5,108,2026-03-11,2026-03-11,Full Day Leave
1137,5,111,2026-03-19,2026-03-19,Full Day Leave
1138,5,114,2026-03-08,2026-03-08,Full Day Leave
1139,5,116,2026-03-11,2026-03-11,Half Day Leave
1140,5,117,2026-03-04,2026-03-04,Full Day Leave
1141,5,118,2026-03-11,2026-03-11,Full Day Leave
1142,5,118,2026-03-30,2026-03-30,Full Day Leave
1143,5,119,2026-03-02,2026-03-02,Full Day Leave
1144,5,120,2026-03-09,2026-03-09,Full Day Leave
1145,5,120,2026-04-01,2026-04-01,Full Day Leave
1146,5,121,2026-04-01,2026-04-01,Half Day Leave
1147,5,122,2026-03-15,2026-03-16,Full Day Leave
1148,5,123,2026-03-02,2026-03-02,Full Day Leave
1149,5,123,2026-03-17,2026-03-17,Full Day Leave
1150,5,124,2026-03-12,2026-03-12,Full Day Leave
1151,5,124,2026-03-23,2026-03-23,Full Day Leave
1152,5,126,2026-03-05,2026-03-05,Half Day Leave
1153,5,126,2026-03-24,2026-03-24,Half Day Leave
1154,5,126,2026-04-02,2026-04-02,Full Day Leave
1155,5,127,2026-03-09,2026-03-09,Full Day Leave
1156,5,127,2026-04-02,2026-04-02,Full Day Leave
1157,5,127,2026-04-02,2026-04-02,Full Day Leave
1158,5,128,2026-03-09,2026-03-09,Full Day Leave
1159,5,128,2026-03-22,2026-03-22,Full Day Leave
1160,5,129,2026-03-03,2026-03-03,Full Day Leave
1161,5,129,2026-03-12,2026-03-12,Full Day Leave
1162,5,130,2026-03-03,2026-03-03,Full Day Leave
1163,5,130,2026-03-04,2026-03-05,Full Day Leave
1164,5,130,2026-04-01,2026-04-01,Half Day Leave
1165,5,132,2026-03-31,2026-03-31,Full Day Leave
1166,5,133,2026-03-11,2026-03-11,Half Day Leave
1167,5,133,2026-03-23,2026-03-23,Full Day Leave
1168,5,135,2026-03-08,2026-03-09,Full Day Leave
1169,5,136,2026-03-02,2026-03-02,Full Day Leave
1170,5,136,2026-03-18,2026-03-18,Full Day Leave
1171,5,136,2026-03-24,2026-03-25,Full Day Leave
1172,5,136,2026-04-02,2026-04-02,Full Day Leave
1173,5,137,2026-03-01,2026-03-02,Full Day Leave
1174,5,137,2026-03-31,2026-03-31,Full Day Leave
1175,5,137,2026-03-31,2026-03-31,Half Day Leave
1176,5,138,2026-03-30,2026-03-30,Full Day Leave
1177,5,139,2026-03-17,2026-03-18,Full Day Leave
1178,5,140,2026-03-25,2026-03-25,Full Day Leave
1179,5,142,2026-03-12,2026-03-12,Full Day Leave
1180,5,142,2026-03-17,2026-03-17,Full Day Leave
1181,5,142,2026-03-18,2026-03-19,Full Day Leave
1182,5,142,2026-03-31,2026-03-31,Full Day Leave
1183,5,143,2026-03-04,2026-03-04,Full Day Leave
1184,5,143,2026-03-15,2026-03-15,Full Day Leave
1185,5,143,2026-04-01,2026-04-01,Full Day Leave
1186,5,144,2026-03-17,2026-03-17,Half Day Leave
1187,5,145,2026-03-11,2026-03-11,Full Day Leave
1188,5,145,2026-03-24,2026-03-24,Full Day Leave
1189,5,146,2026-03-26,2026-03-26,Full Day Leave
1190,5,147,2026-03-30,2026-03-30,Full Day Leave
1191,5,148,2026-03-05,2026-03-05,Full Day Leave
1192,5,148,2026-03-22,2026-03-23,Full Day Leave
1193,5,148,2026-03-25,2026-03-25,Full Day Leave
1194,5,149,2026-03-22,2026-03-22,Full Day Leave
1195,5,150,2026-03-10,2026-03-10,Half Day Leave
1196,5,151,2026-03-15,2026-03-15,Full Day Leave
1197,5,151,2026-03-18,2026-03-18,Full Day Leave
1198,5,152,2026-03-17,2026-03-18,Full Day Leave
1199,5,152,2026-03-19,2026-03-19,Half Day Leave
1200,5,152,2026-03-25,2026-03-25,Full Day Leave
1201,5,154,2026-04-02,2026-04-02,Full Day Leave
1202,5,156,2026-03-18,2026-03-18,Full Day Leave
1203,5,156,2026-03-18,2026-03-18,Half Day Leave
1204,5,156,2026-03-25,2026-03-26,Full Day Leave
1205,5,157,2026-04-02,2026-04-02,Full Day Leave
1206,5,158,2026-03-23,2026-03-23,Full Day Leave
1207,5,158,2026-03-25,2026-03-25,Half Day Leave
1208,5,159,2026-03-30,2026-03-30,Full Day Leave
1209,5,160,2026-03-30,2026-03-30,Full Day Leave
1210,5,161,2026-03-08,2026-03-08,Full Day Leave
1211,5,162,2026-03-10,2026-03-10,Full Day Leave
1212,5,164,2026-03-01,2026-03-01,Half Day Leave
1213,5,164,2026-03-08,2026-03-09,Full Day Leave
1214,5,164,2026-03-15,2026-03-15,Full Day Leave
1215,5,165,2026-03-12,2026-03-12,Full Day Leave
1216,5,165,2026-03-30,2026-03-30,Full Day Leave
1217,5,166,2026-03-01,2026-03-01,Full Day Leave
1218,5,166,2026-03-30,2026-03-30,Full Day Leave
1219,5,167,2026-03-16,2026-03-16,Half Day Leave
1220,5,168,2026-03-19,2026-03-19,Full Day Leave
1221,5,170,2026-03-08,2026-03-08,Full Day Leave
1222,5,171,2026-04-02,2026-04-02,Half Day Leave
1223,5,173,2026-04-02,2026-04-02,Full Day Leave
1224,5,175,2026-03-04,2026-03-05,Full Day Leave
1225,5,175,2026-03-05,2026-03-05,Half Day Leave
1226,5,175,2026-04-01,2026-04-02,Full Day Leave
1227,5,176,2026-03-01,2026-03-01,Full Day Leave
1228,5,176,2026-03-10,2026-03-10,Full Day Leave
1229,5,176,2026-03-10,2026-03-10,Full Day Leave
1230,5,176,2026-03-15,2026-03-15,Full Day Leave
1231,5,176,2026-04-01,2026-04-01,Full Day Leave
1232,5,176,2026-04-02,2026-04-02,Full Day Leave
1233,5,176,2026-04-02,2026-04-02,Full Day Leave
1234,5,177,2026-03-15,2026-03-15,Full Day Leave
1235,5,178,2026-03-30,2026-03-31,Full Day Leave
1236,5,181,2026-03-19,2026-03-22,Full Day Leave
1237,5,181,2026-03-22,2026-03-22,Full Day Leave
1238,5,182,2026-03-10,2026-03-10,Full Day Leave
1239,5,187,2026-03-22,2026-03-22,Full Day Leave
1240,5,190,2026-03-04,2026-03-04,Full Day Leave
1241,5,190,2026-03-16,2026-03-17,Full Day Leave
1242,5,191,2026-03-30,2026-03-30,Half Day Leave
1243,5,192,2026-03-24,2026-03-24,Full Day Leave
1244,5,193,2026-03-01,2026-03-01,Half Day Leave
1245,5,193,2026-03-15,2026-03-15,Half Day Leave
1246,5,193,2026-03-24,2026-03-24,Full Day Leave
1247,5,194,2026-03-11,2026-03-11,Half Day Leave
1248,5,198,2026-03-22,2026-03-22,Full Day Leave
1249,5,201,2026-03-09,2026-03-09,Full Day Leave
1250,5,201,2026-03-26,2026-03-26,Full Day Leave
1251,5,202,2026-03-22,2026-03-22,Full Day Leave
1252,6,1,2026-04-02,2026-04-02,Full Day Leave
1253,6,3,2026-03-15,2026-03-15,Full Day Leave
1254,6,3,2026-03-30,2026-03-31,Full Day Leave
1255,6,5,2026-03-12,2026-03-12,Half Day Leave
1256,6,6,2026-03-02,2026-03-02,Full Day Leave
1257,6,7,2026-03-09,2026-03-09,Full Day Leave
1258,6,7,2026-03-23,2026-03-23,Half Day Leave
1259,6,7,2026-04-02,2026-04-02,Full Day Leave
1260,6,9,2026-03-26,2026-03-26,Full Day Leave
1261,6,10,2026-03-02,2026-03-02,Full Day Leave
1262,6,11,2026-03-08,2026-03-08,Full Day Leave
1263,6,12,2026-03-02,2026-03-02,Full Day Leave
1264,6,13,2026-03-11,2026-03-11,Half Day Leave
1265,6,14,2026-03-11,2026-03-11,Half Day Leave
1266,6,14,2026-03-23,2026-03-23,Full Day Leave
1267,6,14,2026-04-02,2026-04-02,Full Day Leave
1268,6,15,2026-03-22,2026-03-22,Full Day Leave
1269,6,15,2026-03-24,2026-03-24,Full Day Leave
1270,6,15,2026-03-26,2026-03-26,Full Day Leave
1271,6,15,2026-04-01,2026-04-01,Half Day Leave
1272,6,16,2026-03-12,2026-03-12,Full Day Leave
1273,6,16,2026-03-29,2026-03-29,Full Day Leave
1274,6,18,2026-03-02,2026-03-02,Full Day Leave
1275,6,18,2026-03-09,2026-03-09,Full Day Leave
1276,6,18,2026-03-15,2026-03-15,Half Day Leave
1277,6,19,2026-03-10,2026-03-10,Full Day Leave
1278,6,19,2026-03-23,2026-03-23,Full Day Leave
1279,6,20,2026-03-01,2026-03-01,Full Day Leave
1280,6,20,2026-03-02,2026-03-02,Full Day Leave
1281,6,20,2026-03-04,2026-03-04,Full Day Leave
1282,6,20,2026-03-10,2026-03-11,Full Day Leave
1283,6,20,2026-03-23,2026-03-23,Full Day Leave
1284,6,23,2026-03-01,2026-03-01,Full Day Leave
1285,6,23,2026-03-03,2026-03-03,Full Day Leave
1286,6,25,2026-03-05,2026-03-05,Full Day Leave
1287,6,25,2026-03-26,2026-03-26,Full Day Leave
1288,6,26,2026-03-29,2026-03-29,Full Day Leave
1289,6,27,2026-03-02,2026-03-02,Full Day Leave
1290,6,28,2026-03-12,2026-03-12,Full Day Leave
1291,6,29,2026-03-17,2026-03-17,Full Day Leave
1292,6,31,2026-03-11,2026-03-11,Full Day Leave
1293,6,31,2026-03-24,2026-03-24,Full Day Leave
1294,6,31,2026-03-25,2026-03-25,Half Day Leave
1295,6,31,2026-03-25,2026-03-26,Full Day Leave
1296,6,32,2026-03-01,2026-03-01,Full Day Leave
1297,6,32,2026-03-03,2026-03-03,Full Day Leave
1298,6,32,2026-03-24,2026-03-24,Half Day Leave
1299,6,33,2026-03-03,2026-03-03,Full Day Leave
1300,6,33,2026-03-31,2026-03-31,Full Day Leave
1301,6,35,2026-03-15,2026-03-15,Full Day Leave
1302,6,37,2026-03-10,2026-03-10,Full Day Leave
1303,6,38,2026-04-01,2026-04-01,Full Day Leave
1304,6,39,2026-03-31,2026-03-31,Full Day Leave
1305,6,40,2026-03-05,2026-03-05,Full Day Leave
1306,6,40,2026-03-17,2026-03-17,Full Day Leave
1307,6,40,2026-03-26,2026-03-26,Full Day Leave
1308,6,41,2026-03-01,2026-03-01,Full Day Leave
1309,6,41,2026-03-22,2026-03-22,Full Day Leave
1310,6,41,2026-03-25,2026-03-25,Full Day Leave
1311,6,41,2026-03-26,2026-03-26,Full Day Leave
1312,6,45,2026-03-25,2026-03-25,Half Day Leave
1313,6,46,2026-03-16,2026-03-16,Full Day Leave
1314,6,46,2026-03-19,2026-03-19,Full Day Leave
1315,6,46,2026-03-25,2026-03-25,Full Day Leave
1316,6,47,2026-03-12,2026-03-12,Full Day Leave
1317,6,47,2026-03-31,2026-03-31,Full Day Leave
1318,6,48,2026-03-30,2026-03-30,Full Day Leave
1319,7,1,2026-03-05,2026-03-05,Full Day Leave
1320,7,1,2026-03-09,2026-03-09,Full Day Leave
1321,7,1,2026-03-11,2026-03-11,Half Day Leave
1322,7,2,2026-03-10,2026-03-10,Half Day Leave
1323,7,2,2026-03-30,2026-03-30,Full Day Leave
1324,7,3,2026-03-16,2026-03-16,Full Day Leave
1325,7,3,2026-03-31,2026-03-31,Full Day Leave
1326,7,4,2026-03-15,2026-03-15,Full Day Leave
1327,7,5,2026-03-11,2026-03-11,Full Day Leave
1328,7,7,2026-03-10,2026-03-10,Full Day Leave
1329,7,7,2026-03-22,2026-03-22,Full Day Leave
1330,7,7,2026-03-30,2026-03-30,Full Day Leave
1331,7,8,2026-03-05,2026-03-05,Half Day Leave
1332,7,8,2026-03-31,2026-03-31,Full Day Leave
1333,7,10,2026-03-23,2026-03-24,Full Day Leave
1334,7,11,2026-03-03,2026-03-03,Full Day Leave
1335,7,12,2026-03-04,2026-03-04,Half Day Leave
1336,7,12,2026-03-16,2026-03-16,Full Day Leave
1337,7,13,2026-03-12,2026-03-12,Full Day Leave
1338,7,13,2026-03-24,2026-03-24,Half Day Leave
1339,7,14,2026-03-18,2026-03-18,Full Day Leave
1340,7,15,2026-03-02,2026-03-02,Half Day Leave
1341,7,15,2026-03-09,2026-03-09,Full Day Leave
1342,7,15,2026-03-11,2026-03-12,Full Day Leave
1343,7,15,2026-03-29,2026-03-29,Full Day Leave
1344,7,16,2026-03-19,2026-03-19,Full Day Leave
1345,7,16,2026-03-24,2026-03-24,Full Day Leave
1346,7,18,2026-03-12,2026-03-12,Full Day Leave
1347,7,18,2026-03-17,2026-03-17,Full Day Leave
1348,7,19,2026-03-04,2026-03-04,Full Day Leave
1349,7,20,2026-03-17,2026-03-17,Full Day Leave
1350,7,20,2026-03-18,2026-03-18,Full Day Leave
1351,7,20,2026-03-24,2026-03-24,Full Day Leave
1352,7,20,2026-03-30,2026-03-31,Full Day Leave
1353,7,21,2026-03-03,2026-03-03,Half Day Leave
1354,7,21,2026-03-03,2026-03-04,Full Day Leave
1355,7,22,2026-03-19,2026-03-19,Half Day Leave
1356,7,22,2026-03-24,2026-03-24,Full Day Leave
1357,7,23,2026-03-10,2026-03-10,Half Day Leave
1358,7,24,2026-04-01,2026-04-01,Full Day Leave
1359,7,25,2026-03-15,2026-03-15,Full Day Leave
1360,7,26,2026-03-02,2026-03-02,Full Day Leave
1361,7,27,2026-03-08,2026-03-09,Full Day Leave
1362,7,27,2026-03-29,2026-03-29,Full Day Leave
1363,7,28,2026-03-17,2026-03-17,Full Day Leave
1364,7,28,2026-03-25,2026-03-25,Half Day Leave
1365,7,29,2026-03-31,2026-03-31,Full Day Leave
1366,7,30,2026-03-04,2026-03-04,Full Day Leave
1367,7,30,2026-03-05,2026-03-05,Full Day Leave
1368,7,31,2026-03-24,2026-03-25,Full Day Leave
1369,7,31,2026-03-30,2026-03-30,Full Day Leave
1370,7,32,2026-03-12,2026-03-12,Full Day Leave
1371,7,34,2026-03-16,2026-03-16,Half Day Leave
1372,7,35,2026-03-12,2026-03-12,Full Day Leave
1373,7,36,2026-03-10,2026-03-10,Full Day Leave
1374,7,36,2026-03-18,2026-03-18,Full Day Leave
1375,7,37,2026-03-17,2026-03-17,Full Day Leave
1376,7,37,2026-03-29,2026-03-29,Half Day Leave
1377,7,37,2026-04-02,2026-04-02,Full Day Leave
1378,7,38,2026-03-03,2026-03-03,Half Day Leave
1379,7,38,2026-03-25,2026-03-25,Full Day Leave
1380,7,39,2026-03-23,2026-03-23,Full Day Leave
1381,7,39,2026-03-25,2026-03-25,Full Day Leave
1382,7,39,2026-04-01,2026-04-02,Full Day Leave
1383,7,40,2026-03-19,2026-03-19,Full Day Leave
1384,7,41,2026-03-11,2026-03-11,Half Day Leave
1385,7,41,2026-03-12,2026-03-12,Full Day Leave
1386,7,41,2026-03-26,2026-03-26,Half Day Leave
1387,7,42,2026-04-01,2026-04-01,Full Day Leave
1388,7,42,2026-04-01,2026-04-01,Half Day Leave
1389,7,43,2026-03-09,2026-03-10,Full Day Leave
1390,7,43,2026-03-19,2026-03-19,Full Day Leave
1391,7,44,2026-03-18,2026-03-18,Full Day Leave
1392,7,44,2026-03-22,2026-03-22,Full Day Leave
1393,7,46,2026-03-11,2026-03-11,Full Day Leave
1394,7,47,2026-03-31,2026-04-01,Full Day Leave
1395,7,48,2026-03-16,2026-03-16,Full Day Leave
1396,7,48,2026-03-23,2026-03-23,Half Day Leave
1397,7,49,2026-03-05,2026-03-05,Half Day Leave
1398,7,50,2026-03-26,2026-03-29,Full Day Leave
1399,7,51,2026-03-01,2026-03-01,Full Day Leave
1400,7,51,2026-03-23,2026-03-23,Full Day Leave
1401,7,52,2026-03-01,2026-03-01,Half Day Leave
1402,7,52,2026-03-29,2026-03-29,Full Day Leave
1403,7,53,2026-03-12,2026-03-12,Full Day Leave
1404,7,53,2026-03-17,2026-03-17,Full Day Leave
1405,7,53,2026-03-25,2026-03-25,Full Day Leave
1406,7,54,2026-03-03,2026-03-03,Full Day Leave
1407,7,54,2026-03-15,2026-03-15,Full Day Leave
1408,7,57,2026-03-29,2026-03-29,Full Day Leave
1409,7,58,2026-03-30,2026-03-30,Full Day Leave
1410,7,58,2026-04-02,2026-04-02,Full Day Leave
1411,7,59,2026-03-01,2026-03-01,Half Day Leave
1412,7,60,2026-03-17,2026-03-17,Full Day Leave
1413,7,60,2026-03-25,2026-03-25,Full Day Leave
1414,7,61,2026-03-24,2026-03-24,Full Day Leave
1415,7,62,2026-03-10,2026-03-10,Full Day Leave
1416,7,62,2026-03-16,2026-03-16,Full Day Leave
1417,7,63,2026-03-24,2026-03-25,Full Day Leave
1418,7,66,2026-03-18,2026-03-18,Half Day Leave
1419,7,66,2026-03-26,2026-03-26,Half Day Leave
1420,7,67,2026-03-11,2026-03-11,Full Day Leave
1421,7,67,2026-03-23,2026-03-23,Full Day Leave
1422,7,67,2026-03-24,2026-03-24,Full Day Leave
1423,7,68,2026-03-08,2026-03-08,Full Day Leave
1424,7,68,2026-04-01,2026-04-02,Full Day Leave
1425,7,73,2026-03-30,2026-03-30,Full Day Leave
1426,7,74,2026-03-24,2026-03-24,Full Day Leave
1427,7,75,2026-03-25,2026-03-26,Full Day Leave
1428,7,76,2026-03-05,2026-03-05,Full Day Leave
1429,7,77,2026-03-25,2026-03-25,Full Day Leave
1430,7,80,2026-04-02,2026-04-02,Half Day Leave
1431,7,81,2026-03-29,2026-03-30,Full Day Leave
1432,7,81,2026-04-01,2026-04-01,Full Day Leave
1433,7,83,2026-03-11,2026-03-11,Full Day Leave
1434,7,83,2026-04-01,2026-04-01,Full Day Leave
1435,7,85,2026-03-16,2026-03-16,Full Day Leave
1436,7,86,2026-03-18,2026-03-18,Full Day Leave
1437,7,88,2026-03-09,2026-03-09,Full Day Leave
1438,7,88,2026-03-30,2026-03-30,Full Day Leave
1439,7,89,2026-03-09,2026-03-09,Full Day Leave
1440,7,89,2026-03-12,2026-03-12,Half Day Leave
1441,7,90,2026-03-04,2026-03-04,Full Day Leave
1442,7,90,2026-03-19,2026-03-19,Full Day Leave
1443,7,92,2026-03-23,2026-03-23,Full Day Leave
1444,7,93,2026-03-17,2026-03-17,Full Day Leave
1445,7,93,2026-03-26,2026-03-26,Full Day Leave
1446,7,93,2026-03-31,2026-03-31,Full Day Leave
1447,7,96,2026-03-01,2026-03-01,Full Day Leave
1448,7,96,2026-03-15,2026-03-15,Full Day Leave
1449,7,98,2026-03-03,2026-03-03,Half Day Leave
1450,7,98,2026-03-23,2026-03-24,Full Day Leave
1451,7,99,2026-03-19,2026-03-19,Full Day Leave
1452,7,99,2026-03-22,2026-03-22,Half Day Leave
1453,7,99,2026-03-30,2026-03-30,Full Day Leave
1454,7,102,2026-03-29,2026-03-29,Full Day Leave
1455,7,104,2026-03-15,2026-03-15,Full Day Leave
1456,7,104,2026-03-16,2026-03-16,Half Day Leave
1457,7,105,2026-03-24,2026-03-24,Full Day Leave
1458,7,105,2026-04-01,2026-04-01,Half Day Leave
1459,7,106,2026-03-25,2026-03-25,Full Day Leave
1460,7,108,2026-03-01,2026-03-01,Full Day Leave
1461,7,108,2026-03-25,2026-03-25,Full Day Leave
1462,7,108,2026-03-26,2026-03-29,Full Day Leave
1463,7,109,2026-03-23,2026-03-23,Full Day Leave
1464,7,111,2026-03-09,2026-03-09,Full Day Leave
1465,7,111,2026-03-12,2026-03-12,Half Day Leave
1466,7,111,2026-03-18,2026-03-18,Full Day Leave
1467,7,111,2026-03-22,2026-03-22,Full Day Leave
1468,7,112,2026-03-16,2026-03-16,Full Day Leave
1469,7,112,2026-04-02,2026-04-02,Full Day Leave
1470,7,114,2026-03-12,2026-03-12,Full Day Leave
1471,7,116,2026-03-08,2026-03-08,Full Day Leave
1472,7,116,2026-03-15,2026-03-15,Full Day Leave
1473,7,116,2026-03-31,2026-03-31,Half Day Leave
1474,7,119,2026-03-01,2026-03-01,Full Day Leave
1475,7,119,2026-03-12,2026-03-12,Full Day Leave
1476,7,120,2026-03-01,2026-03-01,Full Day Leave
1477,7,120,2026-03-10,2026-03-11,Full Day Leave
1478,7,121,2026-03-12,2026-03-12,Full Day Leave
1479,7,123,2026-03-02,2026-03-03,Full Day Leave
1480,7,124,2026-03-02,2026-03-02,Full Day Leave
1481,7,124,2026-03-15,2026-03-15,Full Day Leave
1482,7,126,2026-03-15,2026-03-15,Full Day Leave
1483,7,129,2026-03-02,2026-03-02,Full Day Leave
1484,7,129,2026-03-31,2026-03-31,Full Day Leave
1485,7,131,2026-03-11,2026-03-11,Full Day Leave
1486,7,131,2026-03-19,2026-03-19,Half Day Leave
1487,7,133,2026-03-16,2026-03-16,Full Day Leave
1488,7,135,2026-03-01,2026-03-01,Full Day Leave
1489,7,135,2026-03-04,2026-03-05,Full Day Leave
1490,7,136,2026-03-19,2026-03-19,Full Day Leave
1491,7,136,2026-03-19,2026-03-19,Half Day Leave
1492,7,137,2026-03-04,2026-03-04,Full Day Leave
1493,7,137,2026-03-17,2026-03-17,Full Day Leave
1494,7,137,2026-03-22,2026-03-22,Half Day Leave
1495,7,141,2026-03-10,2026-03-10,Full Day Leave
1496,7,141,2026-03-12,2026-03-12,Full Day Leave
1497,7,142,2026-03-02,2026-03-02,Full Day Leave
1498,7,143,2026-03-10,2026-03-10,Half Day Leave
1499,7,144,2026-03-16,2026-03-16,Full Day Leave
1500,7,144,2026-03-31,2026-03-31,Half Day Leave
1501,7,146,2026-03-31,2026-03-31,Half Day Leave
1502,7,148,2026-03-03,2026-03-03,Half Day Leave
1503,7,148,2026-03-31,2026-03-31,Half Day Leave
1504,7,149,2026-03-02,2026-03-02,Full Day Leave
1505,7,151,2026-03-10,2026-03-10,Full Day Leave
1506,7,153,2026-03-03,2026-03-03,Full Day Leave
1507,7,153,2026-03-17,2026-03-17,Half Day Leave
1508,7,153,2026-03-25,2026-03-25,Full Day Leave
1509,7,154,2026-03-17,2026-03-17,Full Day Leave
1510,7,156,2026-04-01,2026-04-01,Full Day Leave
1511,7,158,2026-03-11,2026-03-11,Full Day Leave
1512,7,159,2026-03-25,2026-03-25,Full Day Leave
1513,7,160,2026-03-19,2026-03-19,Full Day Leave
1514,7,160,2026-03-29,2026-03-29,Full Day Leave
1515,7,161,2026-03-01,2026-03-01,Full Day Leave
1516,7,161,2026-03-09,2026-03-09,Full Day Leave
1517,7,161,2026-03-31,2026-03-31,Full Day Leave
1518,7,161,2026-04-01,2026-04-01,Half Day Leave
1519,7,162,2026-03-10,2026-03-10,Half Day Leave
1520,7,162,2026-03-23,2026-03-23,Half Day Leave
1521,7,163,2026-03-29,2026-03-29,Half Day Leave
1522,7,164,2026-03-15,2026-03-16,Full Day Leave
1523,7,166,2026-04-02,2026-04-02,Full Day Leave
1524,7,168,2026-03-01,2026-03-01,Full Day Leave
1525,7,168,2026-03-18,2026-03-18,Half Day Leave
1526,7,168,2026-03-30,2026-03-30,Full Day Leave
1527,7,170,2026-04-02,2026-04-02,Full Day Leave
1528,7,172,2026-03-31,2026-03-31,Full Day Leave
1529,7,174,2026-03-29,2026-03-30,Full Day Leave
1530,7,175,2026-03-30,2026-03-30,Full Day Leave
1531,7,176,2026-03-23,2026-03-23,Full Day Leave
1532,7,176,2026-03-24,2026-03-24,Full Day Leave
1533,7,178,2026-03-24,2026-03-25,Full Day Leave
1534,7,179,2026-03-29,2026-03-30,Full Day Leave
1535,7,183,2026-03-01,2026-03-01,Full Day Leave
1536,7,183,2026-03-08,2026-03-08,Half Day Leave
1537,7,184,2026-03-02,2026-03-02,Half Day Leave
1538,7,185,2026-03-08,2026-03-08,Full Day Leave
1539,7,185,2026-03-29,2026-03-30,Full Day Leave
1540,7,192,2026-03-29,2026-03-29,Full Day Leave
1541,7,193,2026-04-01,2026-04-01,Full Day Leave
1542,7,195,2026-03-25,2026-03-25,Half Day Leave
1543,7,197,2026-03-17,2026-03-18,Full Day Leave
1544,7,199,2026-03-18,2026-03-18,Half Day Leave
1545,7,202,2026-03-19,2026-03-19,Full Day Leave
1546,7,202,2026-03-24,2026-03-24,Full Day Leave
1547,7,204,2026-03-05,2026-03-05,Half Day Leave
1548,7,204,2026-03-10,2026-03-11,Full Day Leave
1549,7,205,2026-03-11,2026-03-11,Full Day Leave
1550,7,205,2026-03-31,2026-04-01,Full Day Leave
1551,7,205,2026-04-02,2026-04-02,Full Day Leave
1552,7,206,2026-03-09,2026-03-09,Half Day Leave
1553,7,206,2026-03-12,2026-03-12,Full Day Leave
1554,7,213,2026-03-01,2026-03-01,Full Day Leave
1555,7,213,2026-03-04,2026-03-04,Full Day Leave
1556,7,213,2026-03-12,2026-03-15,Full Day Leave
1557,7,214,2026-03-12,2026-03-12,Full Day Leave
1558,7,215,2026-03-11,2026-03-11,Full Day Leave
1559,7,216,2026-03-01,2026-03-01,Half Day Leave
1560,7,216,2026-04-02,2026-04-02,Half Day Leave
1561,7,217,2026-03-04,2026-03-04,Full Day Leave
1562,7,217,2026-03-22,2026-03-22,Half Day Leave
1563,7,218,2026-03-02,2026-03-02,Full Day Leave
1564,7,218,2026-03-24,2026-03-24,Full Day Leave
1565,7,219,2026-03-31,2026-03-31,Half Day Leave
1566,7,220,2026-03-26,2026-03-29,Full Day Leave
1567,7,220,2026-04-01,2026-04-01,Full Day Leave
1568,7,221,2026-03-17,2026-03-17,Full Day Leave
1569,7,222,2026-03-15,2026-03-15,Half Day Leave
1570,7,225,2026-03-15,2026-03-15,Full Day Leave
1571,7,227,2026-03-26,2026-03-26,Full Day Leave
1572,7,228,2026-03-05,2026-03-05,Full Day Leave
1573,7,228,2026-03-23,2026-03-23,Full Day Leave
1574,7,229,2026-03-02,2026-03-02,Half Day Leave
1575,7,231,2026-03-04,2026-03-04,Half Day Leave
1576,7,231,2026-03-15,2026-03-15,Full Day Leave
1577,7,231,2026-03-24,2026-03-24,Full Day Leave
1578,7,232,2026-03-01,2026-03-01,Full Day Leave
1579,7,233,2026-03-23,2026-03-23,Full Day Leave
1580,7,233,2026-04-01,2026-04-01,Full Day Leave
1581,7,234,2026-03-11,2026-03-11,Full Day Leave
1582,7,235,2026-04-02,2026-04-02,Full Day Leave
1583,7,237,2026-03-01,2026-03-02,Full Day Leave
1584,7,245,2026-03-03,2026-03-04,Full Day Leave
1585,7,245,2026-03-05,2026-03-05,Full Day Leave
1586,7,245,2026-03-15,2026-03-16,Full Day Leave
1587,7,247,2026-03-02,2026-03-02,Full Day Leave
1588,7,249,2026-03-05,2026-03-05,Full Day Leave
1589,7,249,2026-03-31,2026-03-31,Full Day Leave
1590,7,251,2026-03-19,2026-03-19,Full Day Leave
1591,7,251,2026-03-23,2026-03-23,Full Day Leave
1592,7,252,2026-03-08,2026-03-08,Full Day Leave
1593,7,252,2026-03-17,2026-03-18,Full Day Leave
1594,7,252,2026-04-01,2026-04-01,Full Day Leave
1595,7,253,2026-03-08,2026-03-08,Full Day Leave
1596,7,254,2026-03-25,2026-03-25,Half Day Leave
1597,7,255,2026-03-18,2026-03-18,Full Day Leave
1598,7,256,2026-04-01,2026-04-01,Full Day Leave
1599,7,259,2026-04-02,2026-04-02,Full Day Leave
1600,7,261,2026-04-02,2026-04-02,Full Day Leave
1601,7,261,2026-04-02,2026-04-02,Full Day Leave
1602,7,262,2026-03-08,2026-03-08,Full Day Leave
1603,7,264,2026-03-12,2026-03-12,Full Day Leave
1604,7,264,2026-03-17,2026-03-17,Full Day Leave
1605,7,269,2026-03-15,2026-03-15,Full Day Leave
1606,7,271,2026-03-17,2026-03-17,Full Day Leave
1607,7,271,2026-03-17,2026-03-17,Full Day Leave
1608,7,271,2026-03-31,2026-03-31,Full Day Leave
1609,7,275,2026-03-19,2026-03-19,Full Day Leave
1610,7,276,2026-03-24,2026-03-24,Half Day Leave
1611,7,279,2026-03-09,2026-03-09,Full Day Leave
1612,7,282,2026-03-02,2026-03-02,Full Day Leave
1613,7,287,2026-03-09,2026-03-09,Half Day Leave
1614,7,288,2026-03-01,2026-03-02,Full Day Leave
1615,7,288,2026-04-02,2026-04-02,Full Day Leave
1616,7,291,2026-03-30,2026-03-30,Full Day Leave
1617,7,293,2026-03-04,2026-03-04,Full Day Leave
1618,7,294,2026-03-08,2026-03-09,Full Day Leave
1619,7,297,2026-03-02,2026-03-02,Full Day Leave
1620,7,300,2026-03-02,2026-03-02,Full Day Leave
1621,7,301,2026-03-18,2026-03-18,Full Day Leave
1622,7,301,2026-04-02,2026-04-02,Full Day Leave
1623,7,304,2026-03-03,2026-03-03,Half Day Leave
1624,7,305,2026-03-16,2026-03-16,Half Day Leave
1625,7,306,2026-03-02,2026-03-02,Full Day Leave
1626,7,309,2026-03-23,2026-03-24,Full Day Leave
1627,7,311,2026-03-01,2026-03-01,Full Day Leave
1628,7,311,2026-03-22,2026-03-22,Full Day Leave
1629,7,316,2026-03-31,2026-03-31,Full Day Leave
1630,7,317,2026-03-25,2026-03-25,Full Day Leave
1631,7,318,2026-03-05,2026-03-05,Half Day Leave
1632,7,322,2026-03-25,2026-03-26,Full Day Leave
1633,7,335,2026-03-30,2026-03-30,Full Day Leave
1634,7,336,2026-03-02,2026-03-02,Full Day Leave
1635,7,336,2026-03-11,2026-03-11,Full Day Leave
1636,7,337,2026-03-09,2026-03-09,Half Day Leave
1637,7,338,2026-03-03,2026-03-03,Full Day Leave
1638,7,339,2026-03-08,2026-03-08,Half Day Leave
1639,7,339,2026-03-17,2026-03-17,Full Day Leave
1640,7,341,2026-03-10,2026-03-11,Full Day Leave
1641,7,342,2026-03-03,2026-03-03,Full Day Leave
1642,7,344,2026-03-08,2026-03-08,Full Day Leave
1643,7,345,2026-03-30,2026-03-30,Full Day Leave
1644,7,349,2026-03-29,2026-03-29,Full Day Leave
1645,7,350,2026-04-01,2026-04-01,Half Day Leave
1646,7,350,2026-04-01,2026-04-01,Full Day Leave
1647,7,354,2026-03-15,2026-03-15,Full Day Leave
1648,7,356,2026-03-31,2026-03-31,Full Day Leave
1649,7,357,2026-03-26,2026-03-29,Full Day Leave
1650,7,358,2026-03-23,2026-03-24,Full Day Leave
1651,7,360,2026-03-02,2026-03-02,Full Day Leave
1652,7,361,2026-03-25,2026-03-25,Full Day Leave
1653,7,361,2026-03-26,2026-03-29,Full Day Leave
1654,7,362,2026-03-03,2026-03-03,Full Day Leave
1655,7,367,2026-03-19,2026-03-19,Half Day Leave
1656,7,368,2026-03-18,2026-03-18,Full Day Leave
1657,7,371,2026-03-09,2026-03-09,Full Day Leave
1658,7,379,2026-03-19,2026-03-19,Full Day Leave
1659,7,386,2026-03-25,2026-03-25,Half Day Leave
1660,7,390,2026-04-02,2026-04-02,Full Day Leave
1661,7,393,2026-03-01,2026-03-01,Full Day Leave
1662,7,395,2026-03-10,2026-03-11,Full Day Leave
1663,7,425,2026-03-12,2026-03-16,Full Day Leave
1664,7,434,2026-03-09,2026-03-09,Full Day Leave
1665,7,438,2026-03-02,2026-03-04,Full Day Leave
1666,8,1,2026-03-26,2026-03-26,Full Day Leave
1667,8,2,2026-03-08,2026-03-08,Full Day Leave
1668,8,2,2026-03-08,2026-03-08,Full Day Leave
1669,8,3,2026-03-29,2026-03-29,Half Day Leave
1670,8,4,2026-03-03,2026-03-03,Half Day Leave
1671,8,5,2026-03-03,2026-03-04,Full Day Leave
1672,8,5,2026-03-04,2026-03-04,Full Day Leave
1673,8,5,2026-03-15,2026-03-15,Full Day Leave
1674,8,5,2026-03-16,2026-03-16,Full Day Leave
1675,8,9,2026-03-23,2026-03-23,Half Day Leave
1676,8,10,2026-03-16,2026-03-16,Half Day Leave
1677,8,11,2026-03-23,2026-03-23,Full Day Leave
1678,8,13,2026-03-12,2026-03-12,Full Day Leave
1679,8,13,2026-03-22,2026-03-22,Full Day Leave
1680,8,17,2026-03-02,2026-03-02,Full Day Leave
1681,8,17,2026-03-16,2026-03-16,Full Day Leave
1682,8,19,2026-03-25,2026-03-25,Full Day Leave
1683,8,19,2026-03-30,2026-03-30,Full Day Leave
1684,8,20,2026-03-03,2026-03-03,Full Day Leave
1685,8,21,2026-03-16,2026-03-16,Full Day Leave
1686,8,23,2026-03-09,2026-03-09,Full Day Leave
1687,8,23,2026-03-22,2026-03-22,Full Day Leave
1688,8,23,2026-04-01,2026-04-01,Full Day Leave
1689,8,24,2026-03-09,2026-03-09,Half Day Leave
1690,8,24,2026-03-22,2026-03-22,Full Day Leave
1691,8,25,2026-03-22,2026-03-22,Half Day Leave
1692,8,26,2026-03-31,2026-03-31,Full Day Leave
1693,8,27,2026-03-01,2026-03-01,Full Day Leave
1694,8,28,2026-03-17,2026-03-17,Full Day Leave
1695,8,29,2026-03-31,2026-03-31,Full Day Leave
1696,8,31,2026-04-02,2026-04-02,Half Day Leave
1697,8,32,2026-03-31,2026-03-31,Full Day Leave
1698,8,33,2026-03-08,2026-03-08,Half Day Leave
1699,8,33,2026-04-02,2026-04-02,Half Day Leave
1700,8,34,2026-03-01,2026-03-01,Full Day Leave
1701,8,34,2026-03-05,2026-03-05,Full Day Leave
1702,8,35,2026-04-01,2026-04-01,Full Day Leave
1703,8,36,2026-03-11,2026-03-11,Half Day Leave
1704,8,41,2026-03-10,2026-03-10,Full Day Leave
1705,8,42,2026-03-04,2026-03-04,Full Day Leave
1706,8,42,2026-03-18,2026-03-18,Full Day Leave
1707,8,43,2026-03-05,2026-03-05,Full Day Leave
1708,8,43,2026-03-12,2026-03-15,Full Day Leave
1709,8,44,2026-03-24,2026-03-24,Half Day Leave
1710,8,45,2026-03-03,2026-03-03,Full Day Leave
1711,8,46,2026-03-15,2026-03-15,Half Day Leave
1712,8,47,2026-03-08,2026-03-08,Full Day Leave
1713,8,47,2026-03-23,2026-03-23,Full Day Leave
1714,8,51,2026-04-02,2026-04-02,Half Day Leave
1715,8,53,2026-03-10,2026-03-10,Full Day Leave
1716,8,53,2026-03-18,2026-03-18,Full Day Leave
1717,8,53,2026-03-19,2026-03-19,Full Day Leave
1718,8,53,2026-03-22,2026-03-22,Full Day Leave
1719,8,58,2026-03-03,2026-03-03,Full Day Leave
1720,8,58,2026-03-10,2026-03-11,Full Day Leave
1721,8,58,2026-03-29,2026-03-29,Half Day Leave
1722,8,59,2026-03-04,2026-03-04,Full Day Leave
1723,8,59,2026-03-11,2026-03-11,Half Day Leave
1724,8,59,2026-03-19,2026-03-19,Full Day Leave
1725,8,59,2026-03-24,2026-03-24,Full Day Leave
1726,8,60,2026-03-08,2026-03-08,Full Day Leave
1727,8,60,2026-03-18,2026-03-18,Full Day Leave
1728,8,60,2026-03-25,2026-03-25,Half Day Leave
1729,8,61,2026-03-05,2026-03-05,Full Day Leave
1730,8,61,2026-03-23,2026-03-23,Full Day Leave
1731,8,61,2026-03-25,2026-03-26,Full Day Leave
1732,8,61,2026-03-26,2026-03-26,Half Day Leave
1733,8,62,2026-03-01,2026-03-01,Full Day Leave
1734,8,62,2026-03-10,2026-03-10,Full Day Leave
1735,8,63,2026-03-19,2026-03-19,Half Day Leave
1736,8,64,2026-03-23,2026-03-23,Half Day Leave
1737,8,64,2026-04-01,2026-04-01,Full Day Leave
1738,8,65,2026-03-17,2026-03-17,Full Day Leave
1739,8,65,2026-03-19,2026-03-19,Half Day Leave
1740,8,66,2026-03-11,2026-03-11,Full Day Leave
1741,8,68,2026-03-05,2026-03-05,Half Day Leave
1742,8,69,2026-03-08,2026-03-08,Full Day Leave
1743,8,69,2026-03-10,2026-03-10,Half Day Leave
1744,8,69,2026-03-30,2026-03-31,Full Day Leave
1745,8,71,2026-03-24,2026-03-24,Full Day Leave
1746,8,72,2026-03-01,2026-03-01,Full Day Leave
1747,8,72,2026-03-18,2026-03-18,Half Day Leave
1748,8,72,2026-03-22,2026-03-22,Full Day Leave
1749,8,74,2026-03-09,2026-03-09,Half Day Leave
1750,8,75,2026-03-05,2026-03-05,Full Day Leave
1751,8,79,2026-03-26,2026-03-26,Half Day Leave
1752,8,80,2026-03-03,2026-03-03,Half Day Leave
1753,8,80,2026-03-04,2026-03-05,Full Day Leave
1754,8,82,2026-03-10,2026-03-10,Full Day Leave
1755,8,83,2026-03-12,2026-03-12,Full Day Leave
1756,8,83,2026-03-16,2026-03-16,Full Day Leave
1757,8,84,2026-03-16,2026-03-16,Full Day Leave
1758,8,85,2026-03-09,2026-03-09,Full Day Leave
1759,8,86,2026-03-05,2026-03-05,Full Day Leave
1760,8,86,2026-03-25,2026-03-26,Full Day Leave
1761,8,87,2026-03-23,2026-03-23,Full Day Leave
1762,8,89,2026-03-16,2026-03-16,Half Day Leave
1763,8,90,2026-03-15,2026-03-15,Full Day Leave
1764,8,91,2026-03-19,2026-03-19,Full Day Leave
1765,8,92,2026-03-03,2026-03-03,Full Day Leave
1766,8,93,2026-03-22,2026-03-22,Full Day Leave
1767,8,95,2026-03-10,2026-03-10,Full Day Leave
1768,8,96,2026-03-09,2026-03-09,Full Day Leave
1769,8,96,2026-03-09,2026-03-09,Full Day Leave
1770,8,96,2026-03-22,2026-03-22,Full Day Leave
1771,8,96,2026-03-23,2026-03-23,Full Day Leave
1772,8,97,2026-03-08,2026-03-08,Half Day Leave
1773,8,100,2026-03-10,2026-03-10,Full Day Leave
1774,8,100,2026-04-02,2026-04-02,Full Day Leave
1775,8,101,2026-03-26,2026-03-26,Full Day Leave
1776,8,102,2026-03-08,2026-03-08,Full Day Leave
1777,8,103,2026-03-17,2026-03-17,Full Day Leave
1778,8,103,2026-04-01,2026-04-01,Full Day Leave
1779,8,104,2026-03-09,2026-03-09,Full Day Leave
1780,8,105,2026-04-01,2026-04-01,Full Day Leave
1781,8,106,2026-03-03,2026-03-03,Full Day Leave
1782,8,106,2026-03-09,2026-03-10,Full Day Leave
1783,8,107,2026-03-03,2026-03-04,Full Day Leave
1784,8,107,2026-03-08,2026-03-08,Full Day Leave
1785,8,108,2026-03-04,2026-03-04,Full Day Leave
1786,8,108,2026-03-15,2026-03-15,Full Day Leave
1787,8,109,2026-03-01,2026-03-01,Full Day Leave
1788,8,109,2026-03-10,2026-03-10,Full Day Leave
1789,8,109,2026-03-11,2026-03-11,Full Day Leave
1790,8,110,2026-03-29,2026-03-29,Full Day Leave
1791,8,111,2026-03-09,2026-03-09,Half Day Leave
1792,8,112,2026-03-08,2026-03-08,Half Day Leave
1793,8,114,2026-03-02,2026-03-02,Full Day Leave
1794,8,114,2026-03-17,2026-03-17,Full Day Leave
1795,8,114,2026-03-29,2026-03-29,Full Day Leave
1796,8,114,2026-03-30,2026-03-30,Full Day Leave
1797,8,115,2026-03-22,2026-03-22,Half Day Leave
1798,8,115,2026-03-25,2026-03-25,Half Day Leave
1799,8,115,2026-03-31,2026-03-31,Half Day Leave
1800,8,118,2026-03-11,2026-03-11,Full Day Leave
1801,8,118,2026-03-24,2026-03-25,Full Day Leave
1802,8,119,2026-03-24,2026-03-24,Half Day Leave
1803,8,121,2026-03-24,2026-03-24,Full Day Leave
1804,8,123,2026-04-02,2026-04-02,Full Day Leave
1805,8,124,2026-03-09,2026-03-09,Full Day Leave
1806,8,125,2026-03-03,2026-03-03,Full Day Leave
1807,8,126,2026-03-01,2026-03-02,Full Day Leave
1808,8,126,2026-03-24,2026-03-24,Half Day Leave
1809,8,129,2026-03-24,2026-03-24,Full Day Leave
1810,8,130,2026-03-22,2026-03-22,Full Day Leave
1811,8,130,2026-03-22,2026-03-23,Full Day Leave
1812,8,132,2026-03-17,2026-03-17,Half Day Leave
1813,8,132,2026-04-02,2026-04-02,Full Day Leave
1814,8,137,2026-03-11,2026-03-11,Half Day Leave
1815,8,137,2026-03-30,2026-03-30,Full Day Leave
1816,8,138,2026-03-09,2026-03-09,Full Day Leave
1817,8,138,2026-03-17,2026-03-17,Half Day Leave
1818,8,138,2026-03-30,2026-03-30,Half Day Leave
1819,8,140,2026-03-18,2026-03-18,Half Day Leave
1820,8,141,2026-03-04,2026-03-04,Full Day Leave
1821,8,141,2026-03-15,2026-03-15,Full Day Leave
1822,8,142,2026-03-05,2026-03-05,Full Day Leave
1823,8,142,2026-03-18,2026-03-18,Full Day Leave
1824,8,143,2026-03-09,2026-03-09,Half Day Leave
1825,8,145,2026-03-01,2026-03-01,Half Day Leave
1826,8,146,2026-03-26,2026-03-26,Full Day Leave
1827,8,147,2026-03-05,2026-03-05,Full Day Leave
1828,8,147,2026-03-29,2026-03-29,Full Day Leave
1829,8,148,2026-03-11,2026-03-11,Full Day Leave
1830,8,148,2026-03-29,2026-03-29,Full Day Leave
1831,8,151,2026-03-11,2026-03-11,Full Day Leave
1832,8,154,2026-03-04,2026-03-04,Full Day Leave
1833,8,155,2026-03-10,2026-03-10,Full Day Leave
1834,8,156,2026-03-12,2026-03-12,Full Day Leave
1835,8,157,2026-03-01,2026-03-01,Full Day Leave
1836,8,157,2026-03-19,2026-03-19,Full Day Leave
1837,8,159,2026-03-19,2026-03-19,Full Day Leave
1838,8,160,2026-03-15,2026-03-15,Full Day Leave
1839,8,160,2026-03-17,2026-03-17,Half Day Leave
1840,8,161,2026-03-19,2026-03-19,Full Day Leave
1841,8,161,2026-03-22,2026-03-22,Full Day Leave
1842,8,162,2026-03-22,2026-03-22,Full Day Leave
1843,8,165,2026-03-03,2026-03-03,Half Day Leave
1844,8,167,2026-03-18,2026-03-18,Full Day Leave
1845,8,167,2026-03-25,2026-03-25,Full Day Leave
1846,8,168,2026-03-18,2026-03-18,Full Day Leave
1847,8,168,2026-04-02,2026-04-02,Full Day Leave
1848,8,169,2026-03-19,2026-03-19,Full Day Leave
1849,8,169,2026-03-24,2026-03-24,Full Day Leave
1850,8,173,2026-03-09,2026-03-09,Full Day Leave
1851,8,174,2026-03-04,2026-03-04,Half Day Leave
1852,8,175,2026-03-04,2026-03-04,Full Day Leave
1853,8,175,2026-03-17,2026-03-17,Half Day Leave
1854,8,176,2026-03-26,2026-03-26,Full Day Leave
1855,8,176,2026-03-30,2026-03-30,Full Day Leave
1856,8,177,2026-03-24,2026-03-25,Full Day Leave
1857,8,178,2026-03-11,2026-03-11,Half Day Leave
1858,8,178,2026-03-18,2026-03-18,Full Day Leave
1859,8,180,2026-03-30,2026-03-30,Full Day Leave
1860,8,180,2026-04-01,2026-04-01,Full Day Leave
1861,8,182,2026-03-23,2026-03-23,Full Day Leave
1862,8,183,2026-03-26,2026-03-26,Full Day Leave
1863,8,184,2026-03-04,2026-03-04,Full Day Leave
1864,8,184,2026-03-19,2026-03-19,Full Day Leave
1865,8,185,2026-03-19,2026-03-19,Half Day Leave
1866,8,188,2026-03-19,2026-03-19,Full Day Leave
1867,8,189,2026-03-29,2026-03-29,Full Day Leave
1868,8,189,2026-04-01,2026-04-01,Full Day Leave
1869,8,190,2026-03-03,2026-03-03,Full Day Leave
1870,8,190,2026-03-29,2026-03-29,Full Day Leave
1871,8,193,2026-03-12,2026-03-12,Half Day Leave
1872,8,193,2026-03-30,2026-03-30,Half Day Leave
1873,8,194,2026-03-08,2026-03-08,Half Day Leave
1874,8,195,2026-03-26,2026-03-26,Full Day Leave
1875,8,197,2026-03-02,2026-03-03,Full Day Leave
1876,8,197,2026-03-22,2026-03-22,Half Day Leave
1877,8,197,2026-03-29,2026-03-29,Half Day Leave
1878,8,198,2026-03-09,2026-03-09,Full Day Leave
1879,8,198,2026-03-19,2026-03-19,Full Day Leave
1880,8,199,2026-03-08,2026-03-08,Full Day Leave
1881,8,200,2026-03-17,2026-03-17,Full Day Leave
1882,8,200,2026-03-19,2026-03-19,Full Day Leave
1883,8,201,2026-03-24,2026-03-24,Full Day Leave
1884,8,201,2026-04-02,2026-04-02,Full Day Leave
1885,8,204,2026-03-09,2026-03-09,Half Day Leave
1886,8,205,2026-03-03,2026-03-03,Full Day Leave
1887,8,206,2026-04-01,2026-04-02,Full Day Leave
1888,8,210,2026-03-08,2026-03-08,Full Day Leave
1889,8,213,2026-03-05,2026-03-05,Full Day Leave
1890,8,216,2026-04-02,2026-04-02,Full Day Leave
1891,8,218,2026-03-04,2026-03-04,Full Day Leave
1892,8,218,2026-03-25,2026-03-26,Full Day Leave
1893,8,220,2026-03-09,2026-03-09,Half Day Leave
1894,8,220,2026-03-24,2026-03-24,Full Day Leave
1895,8,220,2026-03-29,2026-03-29,Full Day Leave
1896,8,221,2026-03-05,2026-03-05,Full Day Leave
1897,8,222,2026-03-09,2026-03-09,Full Day Leave
1898,8,225,2026-03-08,2026-03-08,Full Day Leave
1899,8,226,2026-03-03,2026-03-03,Full Day Leave
1900,8,227,2026-04-02,2026-04-02,Half Day Leave
1901,8,229,2026-03-05,2026-03-05,Full Day Leave
1902,8,229,2026-03-15,2026-03-15,Full Day Leave
1903,8,229,2026-03-18,2026-03-18,Half Day Leave
1904,8,230,2026-03-23,2026-03-23,Half Day Leave
1905,8,231,2026-03-03,2026-03-03,Full Day Leave
1906,8,231,2026-03-08,2026-03-08,Full Day Leave
1907,8,232,2026-04-01,2026-04-02,Full Day Leave
1908,8,233,2026-03-12,2026-03-12,Full Day Leave
1909,8,233,2026-03-30,2026-03-30,Half Day Leave
1910,8,234,2026-03-23,2026-03-23,Half Day Leave
1911,8,235,2026-03-10,2026-03-11,Full Day Leave
1912,8,238,2026-03-18,2026-03-18,Full Day Leave
1913,8,240,2026-04-01,2026-04-01,Full Day Leave
1914,8,241,2026-03-08,2026-03-09,Full Day Leave
1915,8,241,2026-03-17,2026-03-17,Half Day Leave
1916,8,241,2026-03-31,2026-03-31,Half Day Leave
1917,8,243,2026-04-02,2026-04-02,Full Day Leave
1918,8,245,2026-03-08,2026-03-08,Half Day Leave
1919,8,246,2026-03-16,2026-03-17,Full Day Leave
1920,8,247,2026-03-25,2026-03-25,Full Day Leave
1921,8,248,2026-03-26,2026-03-26,Full Day Leave
1922,8,249,2026-03-01,2026-03-01,Full Day Leave
1923,8,251,2026-03-23,2026-03-23,Half Day Leave
1924,8,251,2026-03-26,2026-03-26,Half Day Leave
1925,8,255,2026-03-12,2026-03-12,Full Day Leave
1926,8,255,2026-03-15,2026-03-15,Half Day Leave
1927,8,258,2026-03-15,2026-03-15,Full Day Leave
1928,8,259,2026-03-23,2026-03-23,Full Day Leave
1929,8,260,2026-03-02,2026-03-02,Half Day Leave
1930,8,260,2026-03-12,2026-03-12,Full Day Leave
1931,8,260,2026-03-31,2026-03-31,Full Day Leave
1932,8,261,2026-03-18,2026-03-18,Full Day Leave
1933,8,264,2026-03-03,2026-03-03,Full Day Leave
1934,8,266,2026-03-16,2026-03-16,Full Day Leave
1935,8,266,2026-03-30,2026-03-30,Half Day Leave
1936,8,267,2026-03-26,2026-03-29,Full Day Leave
1937,8,267,2026-04-01,2026-04-01,Half Day Leave
1938,8,268,2026-03-16,2026-03-17,Full Day Leave
1939,8,269,2026-03-02,2026-03-02,Full Day Leave
1940,8,269,2026-03-03,2026-03-04,Full Day Leave
1941,8,269,2026-03-19,2026-03-19,Half Day Leave
1942,8,271,2026-03-23,2026-03-23,Full Day Leave
1943,8,273,2026-03-09,2026-03-09,Full Day Leave
1944,8,273,2026-04-01,2026-04-01,Full Day Leave
1945,8,277,2026-03-09,2026-03-09,Full Day Leave
1946,8,277,2026-03-12,2026-03-12,Full Day Leave
1947,8,279,2026-03-08,2026-03-08,Half Day Leave
1948,8,279,2026-03-09,2026-03-09,Full Day Leave
1949,8,280,2026-03-22,2026-03-22,Full Day Leave
1950,8,280,2026-03-31,2026-03-31,Full Day Leave
1951,8,281,2026-03-04,2026-03-04,Full Day Leave
1952,8,281,2026-03-23,2026-03-23,Half Day Leave
1953,8,282,2026-03-01,2026-03-01,Full Day Leave
1954,8,282,2026-03-19,2026-03-19,Full Day Leave
1955,8,282,2026-03-23,2026-03-23,Full Day Leave
1956,8,285,2026-03-08,2026-03-08,Full Day Leave
1957,8,286,2026-03-16,2026-03-16,Half Day Leave
1958,8,288,2026-03-18,2026-03-18,Full Day Leave
1959,8,290,2026-03-11,2026-03-11,Half Day Leave
1960,8,290,2026-03-31,2026-03-31,Full Day Leave
1961,8,292,2026-03-05,2026-03-05,Full Day Leave
1962,8,292,2026-03-24,2026-03-24,Half Day Leave
1963,8,294,2026-03-31,2026-03-31,Full Day Leave
1964,8,296,2026-03-19,2026-03-19,Full Day Leave
1965,8,298,2026-04-01,2026-04-01,Half Day Leave
1966,8,300,2026-03-16,2026-03-16,Full Day Leave
1967,8,301,2026-03-26,2026-03-29,Full Day Leave
1968,8,301,2026-04-02,2026-04-02,Full Day Leave
1969,8,302,2026-03-05,2026-03-05,Full Day Leave
1970,8,304,2026-03-05,2026-03-05,Half Day Leave
1971,8,304,2026-03-10,2026-03-10,Full Day Leave
1972,8,304,2026-03-11,2026-03-11,Full Day Leave
1973,8,305,2026-03-08,2026-03-08,Full Day Leave
1974,8,306,2026-03-15,2026-03-15,Full Day Leave
1975,8,307,2026-03-02,2026-03-02,Full Day Leave
1976,8,307,2026-03-03,2026-03-03,Full Day Leave
1977,8,307,2026-03-08,2026-03-08,Full Day Leave
1978,8,308,2026-03-29,2026-03-29,Full Day Leave
1979,8,310,2026-03-19,2026-03-19,Full Day Leave
1980,8,311,2026-03-19,2026-03-19,Full Day Leave
1981,8,312,2026-03-11,2026-03-11,Full Day Leave
1982,8,312,2026-03-22,2026-03-22,Full Day Leave
1983,8,317,2026-03-08,2026-03-08,Full Day Leave
1984,8,317,2026-03-15,2026-03-15,Full Day Leave
1985,8,318,2026-03-02,2026-03-02,Full Day Leave
1986,8,319,2026-03-01,2026-03-01,Full Day Leave
1987,8,321,2026-03-01,2026-03-01,Full Day Leave
1988,8,321,2026-03-15,2026-03-15,Half Day Leave
1989,8,333,2026-03-02,2026-03-02,Full Day Leave
1990,8,333,2026-03-04,2026-03-04,Full Day Leave
1991,8,335,2026-03-10,2026-03-10,Full Day Leave
1992,8,335,2026-03-16,2026-03-16,Full Day Leave
1993,8,335,2026-03-29,2026-03-29,Half Day Leave
1994,8,336,2026-03-04,2026-03-04,Half Day Leave
1995,8,342,2026-03-26,2026-03-26,Full Day Leave
1996,8,344,2026-03-10,2026-03-10,Full Day Leave
1997,8,346,2026-03-17,2026-03-17,Half Day Leave
1998,8,347,2026-03-05,2026-03-05,Full Day Leave
1999,8,349,2026-03-04,2026-03-04,Half Day Leave
2000,8,351,2026-03-24,2026-03-24,Full Day Leave
2001,8,352,2026-03-04,2026-03-04,Full Day Leave
2002,8,353,2026-03-26,2026-03-26,Full Day Leave
2003,8,354,2026-03-26,2026-03-29,Full Day Leave
2004,9,1,2026-03-12,2026-03-12,Full Day Leave
2005,9,2,2026-03-22,2026-03-22,Full Day Leave
2006,9,3,2026-03-01,2026-03-01,Full Day Leave
2007,9,3,2026-03-11,2026-03-11,Half Day Leave
2008,9,4,2026-03-02,2026-03-02,Half Day Leave
2009,9,4,2026-03-08,2026-03-09,Full Day Leave
2010,9,6,2026-03-11,2026-03-11,Half Day Leave
2011,9,6,2026-03-26,2026-03-26,Full Day Leave
2012,9,6,2026-04-02,2026-04-02,Full Day Leave
2013,9,7,2026-03-26,2026-03-26,Full Day Leave
2014,9,8,2026-03-15,2026-03-15,Full Day Leave
2015,9,8,2026-03-18,2026-03-18,Full Day Leave
2016,9,9,2026-03-04,2026-03-04,Full Day Leave
2017,9,10,2026-03-15,2026-03-15,Half Day Leave
2018,9,10,2026-03-29,2026-03-29,Half Day Leave
2019,9,11,2026-03-05,2026-03-05,Full Day Leave
2020,9,11,2026-03-22,2026-03-22,Full Day Leave
2021,9,13,2026-03-02,2026-03-02,Full Day Leave
2022,9,13,2026-03-11,2026-03-11,Full Day Leave
2023,9,13,2026-03-31,2026-03-31,Full Day Leave
2024,9,17,2026-03-04,2026-03-04,Full Day Leave
2025,9,18,2026-04-02,2026-04-02,Full Day Leave
2026,9,19,2026-03-12,2026-03-12,Half Day Leave
2027,9,19,2026-03-16,2026-03-16,Full Day Leave
2028,9,20,2026-03-11,2026-03-11,Half Day Leave
2029,9,20,2026-03-18,2026-03-18,Half Day Leave
2030,9,20,2026-03-19,2026-03-19,Full Day Leave
2031,9,23,2026-03-01,2026-03-01,Full Day Leave
2032,9,24,2026-03-01,2026-03-01,Full Day Leave
2033,9,24,2026-03-10,2026-03-10,Half Day Leave
2034,9,25,2026-03-22,2026-03-22,Full Day Leave
2035,9,25,2026-04-02,2026-04-02,Full Day Leave
2036,9,27,2026-03-23,2026-03-23,Full Day Leave
2037,9,27,2026-04-01,2026-04-01,Full Day Leave
2038,9,29,2026-03-05,2026-03-05,Full Day Leave
2039,9,30,2026-03-11,2026-03-11,Full Day Leave
2040,9,30,2026-03-25,2026-03-25,Half Day Leave
2041,9,31,2026-03-10,2026-03-10,Full Day Leave
2042,9,32,2026-03-10,2026-03-10,Half Day Leave
2043,9,32,2026-03-29,2026-03-30,Full Day Leave
2044,9,35,2026-03-05,2026-03-05,Full Day Leave
2045,9,37,2026-03-22,2026-03-22,Full Day Leave
2046,9,38,2026-03-26,2026-03-26,Full Day Leave
2047,9,39,2026-03-10,2026-03-10,Full Day Leave
2048,9,40,2026-03-26,2026-03-26,Full Day Leave
2049,9,41,2026-03-02,2026-03-02,Full Day Leave
2050,9,41,2026-03-05,2026-03-05,Full Day Leave
2051,9,41,2026-03-30,2026-03-30,Full Day Leave
2052,9,41,2026-04-02,2026-04-02,Full Day Leave
2053,9,42,2026-03-17,2026-03-17,Full Day Leave
2054,9,43,2026-03-05,2026-03-05,Full Day Leave
2055,9,43,2026-03-11,2026-03-12,Full Day Leave
2056,9,43,2026-03-18,2026-03-18,Full Day Leave
2057,9,44,2026-03-26,2026-03-26,Half Day Leave
2058,9,45,2026-03-10,2026-03-10,Half Day Leave
2059,9,47,2026-03-17,2026-03-17,Full Day Leave
2060,9,49,2026-03-19,2026-03-19,Full Day Leave
2061,9,49,2026-04-02,2026-04-02,Full Day Leave
2062,9,50,2026-03-18,2026-03-18,Full Day Leave
2063,9,50,2026-03-31,2026-03-31,Full Day Leave
2064,9,50,2026-04-02,2026-04-02,Full Day Leave
2065,9,51,2026-03-03,2026-03-03,Full Day Leave
2066,9,51,2026-03-12,2026-03-12,Full Day Leave
2067,9,51,2026-03-30,2026-03-30,Full Day Leave
2068,9,51,2026-03-31,2026-03-31,Full Day Leave
2069,9,51,2026-04-02,2026-04-02,Full Day Leave
2070,9,52,2026-03-18,2026-03-18,Full Day Leave
2071,9,53,2026-03-16,2026-03-16,Half Day Leave
2072,9,55,2026-03-09,2026-03-09,Full Day Leave
2073,9,55,2026-03-30,2026-03-30,Full Day Leave
2074,9,56,2026-03-04,2026-03-04,Full Day Leave
2075,9,56,2026-03-05,2026-03-08,Full Day Leave
2076,9,56,2026-03-22,2026-03-22,Full Day Leave
2077,9,56,2026-03-22,2026-03-22,Full Day Leave
2078,9,56,2026-03-23,2026-03-23,Full Day Leave
2079,9,57,2026-03-17,2026-03-17,Full Day Leave
2080,9,58,2026-03-01,2026-03-01,Full Day Leave
2081,9,58,2026-03-10,2026-03-10,Full Day Leave
2082,9,58,2026-03-30,2026-03-30,Full Day Leave
2083,9,60,2026-03-22,2026-03-22,Half Day Leave
2084,9,61,2026-03-04,2026-03-05,Full Day Leave
2085,9,63,2026-03-31,2026-03-31,Full Day Leave
2086,9,64,2026-03-01,2026-03-02,Full Day Leave
2087,9,65,2026-03-11,2026-03-11,Full Day Leave
2088,9,65,2026-03-24,2026-03-24,Full Day Leave
2089,9,66,2026-03-05,2026-03-05,Full Day Leave
2090,9,67,2026-03-10,2026-03-10,Half Day Leave
2091,9,68,2026-03-03,2026-03-03,Full Day Leave
2092,9,68,2026-03-15,2026-03-15,Full Day Leave
2093,9,70,2026-03-25,2026-03-25,Half Day Leave
2094,9,71,2026-03-08,2026-03-08,Half Day Leave
2095,9,71,2026-03-08,2026-03-09,Full Day Leave
2096,9,71,2026-03-29,2026-03-30,Full Day Leave
2097,9,76,2026-03-19,2026-03-22,Full Day Leave
2098,9,78,2026-03-01,2026-03-01,Half Day Leave
2099,9,78,2026-03-29,2026-03-29,Full Day Leave
2100,9,79,2026-03-10,2026-03-10,Full Day Leave
2101,9,80,2026-03-11,2026-03-11,Full Day Leave
2102,9,80,2026-03-15,2026-03-15,Full Day Leave
2103,9,81,2026-03-18,2026-03-18,Full Day Leave
2104,9,81,2026-03-29,2026-03-29,Half Day Leave
2105,9,82,2026-03-17,2026-03-17,Full Day Leave
2106,9,84,2026-03-05,2026-03-05,Full Day Leave
2107,9,90,2026-03-02,2026-03-03,Full Day Leave
2108,9,90,2026-03-05,2026-03-05,Full Day Leave
2109,9,92,2026-03-31,2026-03-31,Full Day Leave
2110,9,95,2026-03-17,2026-03-17,Half Day Leave
2111,9,96,2026-03-16,2026-03-16,Full Day Leave
2112,9,99,2026-03-30,2026-03-30,Full Day Leave
2113,9,99,2026-03-31,2026-03-31,Full Day Leave
2114,9,101,2026-03-11,2026-03-11,Full Day Leave
2115,9,102,2026-03-04,2026-03-04,Full Day Leave
2116,9,103,2026-03-30,2026-03-30,Half Day Leave
2117,9,105,2026-03-04,2026-03-04,Full Day Leave
2118,9,105,2026-03-05,2026-03-05,Full Day Leave
2119,9,107,2026-03-12,2026-03-12,Full Day Leave
2120,9,108,2026-03-15,2026-03-15,Full Day Leave
2121,9,109,2026-03-04,2026-03-04,Half Day Leave
2122,9,109,2026-03-12,2026-03-12,Full Day Leave
2123,9,110,2026-03-09,2026-03-09,Full Day Leave
2124,9,111,2026-03-05,2026-03-05,Half Day Leave
2125,9,111,2026-03-11,2026-03-12,Full Day Leave
2126,9,112,2026-03-17,2026-03-17,Full Day Leave
2127,9,113,2026-03-11,2026-03-11,Half Day Leave
2128,9,114,2026-03-18,2026-03-18,Full Day Leave
2129,9,114,2026-03-30,2026-03-30,Full Day Leave
2130,9,115,2026-03-15,2026-03-16,Full Day Leave
2131,9,115,2026-04-02,2026-04-02,Full Day Leave
2132,9,116,2026-03-25,2026-03-25,Half Day Leave
2133,9,118,2026-03-25,2026-03-25,Full Day Leave
2134,9,119,2026-03-18,2026-03-18,Full Day Leave
2135,9,120,2026-03-29,2026-03-29,Full Day Leave
2136,9,120,2026-04-02,2026-04-02,Full Day Leave
2137,9,121,2026-03-22,2026-03-22,Half Day Leave
2138,9,121,2026-03-29,2026-03-29,Full Day Leave
2139,9,122,2026-03-25,2026-03-25,Full Day Leave
2140,9,123,2026-03-04,2026-03-04,Full Day Leave
2141,9,123,2026-04-01,2026-04-01,Half Day Leave
2142,9,123,2026-04-02,2026-04-02,Half Day Leave
2143,9,125,2026-03-01,2026-03-01,Full Day Leave
2144,9,125,2026-03-02,2026-03-02,Full Day Leave
2145,9,125,2026-03-30,2026-03-30,Full Day Leave
2146,9,126,2026-03-03,2026-03-03,Full Day Leave
2147,9,126,2026-03-17,2026-03-17,Full Day Leave
2148,9,127,2026-03-16,2026-03-16,Half Day Leave
2149,9,128,2026-03-10,2026-03-10,Full Day Leave
2150,9,129,2026-03-01,2026-03-01,Half Day Leave
2151,9,129,2026-03-03,2026-03-03,Full Day Leave
2152,9,129,2026-03-08,2026-03-08,Full Day Leave
2153,9,129,2026-03-10,2026-03-10,Full Day Leave
2154,9,129,2026-03-24,2026-03-24,Full Day Leave
2155,9,129,2026-03-25,2026-03-25,Full Day Leave
2156,9,130,2026-03-30,2026-03-30,Half Day Leave
2157,9,132,2026-03-02,2026-03-02,Half Day Leave
2158,9,133,2026-03-04,2026-03-04,Full Day Leave
2159,9,134,2026-03-10,2026-03-10,Half Day Leave
2160,9,134,2026-03-19,2026-03-22,Full Day Leave
2161,9,135,2026-04-02,2026-04-02,Half Day Leave
2162,9,136,2026-03-15,2026-03-15,Half Day Leave
2163,9,136,2026-03-18,2026-03-18,Full Day Leave
2164,9,136,2026-03-29,2026-03-29,Full Day Leave
2165,9,137,2026-03-03,2026-03-03,Full Day Leave
2166,9,138,2026-03-17,2026-03-17,Full Day Leave
2167,9,140,2026-03-29,2026-03-30,Full Day Leave
2168,9,142,2026-03-05,2026-03-05,Half Day Leave
2169,9,143,2026-03-02,2026-03-02,Full Day Leave
2170,9,143,2026-03-04,2026-03-04,Full Day Leave
2171,9,144,2026-03-15,2026-03-15,Full Day Leave
2172,9,147,2026-03-16,2026-03-16,Half Day Leave
2173,9,148,2026-03-24,2026-03-24,Full Day Leave
2174,9,150,2026-03-16,2026-03-16,Full Day Leave
2175,9,151,2026-03-23,2026-03-23,Full Day Leave
2176,9,152,2026-03-23,2026-03-23,Full Day Leave
2177,9,154,2026-03-17,2026-03-17,Half Day Leave
2178,9,156,2026-03-09,2026-03-09,Full Day Leave
2179,9,157,2026-03-02,2026-03-02,Full Day Leave
2180,9,159,2026-03-29,2026-03-30,Full Day Leave
2181,9,159,2026-04-01,2026-04-01,Full Day Leave
2182,9,160,2026-04-02,2026-04-02,Full Day Leave
2183,9,163,2026-03-03,2026-03-03,Half Day Leave
2184,9,163,2026-03-25,2026-03-25,Full Day Leave
2185,9,163,2026-03-29,2026-03-29,Full Day Leave
2186,9,164,2026-03-04,2026-03-04,Full Day Leave
2187,9,164,2026-03-09,2026-03-09,Half Day Leave
2188,9,164,2026-03-11,2026-03-11,Half Day Leave
2189,9,167,2026-03-18,2026-03-18,Half Day Leave
2190,9,169,2026-03-24,2026-03-24,Full Day Leave
2191,9,170,2026-03-30,2026-03-30,Full Day Leave
2192,9,174,2026-03-03,2026-03-03,Full Day Leave
2193,9,174,2026-04-02,2026-04-02,Full Day Leave
2194,9,176,2026-03-01,2026-03-01,Full Day Leave
2195,9,178,2026-03-10,2026-03-11,Full Day Leave
2196,9,178,2026-03-24,2026-03-24,Full Day Leave
2197,9,178,2026-03-25,2026-03-25,Full Day Leave
2198,9,179,2026-03-01,2026-03-01,Full Day Leave
2199,9,183,2026-03-30,2026-03-30,Full Day Leave
2200,9,185,2026-03-10,2026-03-10,Full Day Leave
2201,9,185,2026-03-23,2026-03-23,Full Day Leave
2202,9,187,2026-03-15,2026-03-15,Full Day Leave
2203,9,187,2026-03-25,2026-03-25,Half Day Leave
2204,9,188,2026-03-03,2026-03-03,Full Day Leave
2205,9,188,2026-03-05,2026-03-05,Full Day Leave
2206,9,190,2026-04-02,2026-04-02,Half Day Leave
2207,9,191,2026-03-10,2026-03-10,Full Day Leave
2208,9,192,2026-03-15,2026-03-15,Full Day Leave
2209,9,195,2026-03-09,2026-03-09,Full Day Leave
2210,9,195,2026-03-29,2026-03-29,Half Day Leave
2211,9,198,2026-03-11,2026-03-11,Half Day Leave
2212,9,198,2026-03-12,2026-03-15,Full Day Leave
2213,9,199,2026-03-31,2026-03-31,Half Day Leave
2214,9,200,2026-03-08,2026-03-08,Half Day Leave
2215,9,201,2026-03-05,2026-03-05,Full Day Leave
2216,9,201,2026-03-15,2026-03-15,Full Day Leave
2217,9,202,2026-03-15,2026-03-15,Full Day Leave
2218,9,206,2026-03-12,2026-03-12,Full Day Leave
2219,9,206,2026-03-17,2026-03-17,Full Day Leave
2220,9,207,2026-03-22,2026-03-22,Full Day Leave
2221,9,207,2026-04-01,2026-04-01,Full Day Leave
2222,9,209,2026-03-03,2026-03-03,Full Day Leave
2223,9,209,2026-03-04,2026-03-04,Full Day Leave
2224,9,209,2026-03-10,2026-03-10,Full Day Leave
2225,9,210,2026-03-17,2026-03-17,Full Day Leave
2226,9,216,2026-03-17,2026-03-17,Full Day Leave
2227,9,217,2026-03-17,2026-03-17,Full Day Leave
2228,9,220,2026-03-12,2026-03-12,Full Day Leave
2229,9,223,2026-03-12,2026-03-12,Full Day Leave
2230,9,226,2026-03-04,2026-03-04,Full Day Leave
2231,9,226,2026-03-16,2026-03-16,Full Day Leave
2232,9,228,2026-03-11,2026-03-11,Full Day Leave
2233,9,232,2026-03-11,2026-03-11,Half Day Leave
2234,9,232,2026-03-23,2026-03-24,Full Day Leave
2235,9,233,2026-04-01,2026-04-01,Full Day Leave
2236,9,237,2026-03-26,2026-03-26,Full Day Leave
2237,9,237,2026-03-26,2026-03-26,Full Day Leave
2238,9,238,2026-03-01,2026-03-01,Full Day Leave
2239,9,239,2026-04-01,2026-04-01,Full Day Leave
2240,9,240,2026-03-22,2026-03-22,Half Day Leave
2241,9,240,2026-04-02,2026-04-02,Full Day Leave
2242,9,244,2026-03-24,2026-03-24,Full Day Leave
2243,9,245,2026-03-22,2026-03-22,Full Day Leave
2244,9,246,2026-04-01,2026-04-01,Full Day Leave
2245,9,248,2026-03-01,2026-03-01,Half Day Leave
2246,9,248,2026-03-08,2026-03-08,Full Day Leave
2247,9,248,2026-03-11,2026-03-11,Half Day Leave
2248,9,248,2026-03-25,2026-03-25,Full Day Leave
2249,9,248,2026-03-31,2026-03-31,Full Day Leave
2250,9,251,2026-03-12,2026-03-12,Full Day Leave
2251,9,252,2026-03-04,2026-03-04,Half Day Leave
2252,9,252,2026-04-01,2026-04-01,Full Day Leave
2253,9,253,2026-03-17,2026-03-17,Full Day Leave
2254,9,255,2026-03-03,2026-03-03,Full Day Leave
2255,9,255,2026-03-09,2026-03-09,Full Day Leave
2256,9,255,2026-03-11,2026-03-11,Full Day Leave
2257,9,255,2026-03-26,2026-03-26,Full Day Leave
2258,9,256,2026-03-18,2026-03-18,Full Day Leave
2259,9,259,2026-03-31,2026-03-31,Full Day Leave
2260,9,260,2026-03-22,2026-03-22,Full Day Leave
2261,9,260,2026-04-02,2026-04-02,Full Day Leave
2262,9,262,2026-03-12,2026-03-15,Full Day Leave
2263,9,263,2026-03-01,2026-03-01,Full Day Leave
2264,9,263,2026-03-08,2026-03-08,Half Day Leave
2265,9,264,2026-03-30,2026-03-30,Full Day Leave
2266,10,1,2026-03-08,2026-03-08,Half Day Leave
2267,10,2,2026-03-08,2026-03-08,Full Day Leave
2268,10,2,2026-03-19,2026-03-19,Full Day Leave
2269,10,3,2026-03-03,2026-03-03,Full Day Leave
2270,10,3,2026-04-02,2026-04-02,Full Day Leave
2271,10,4,2026-03-18,2026-03-19,Full Day Leave
2272,10,4,2026-03-29,2026-03-29,Full Day Leave
2273,10,5,2026-03-22,2026-03-22,Full Day Leave
2274,10,9,2026-03-10,2026-03-10,Full Day Leave
2275,10,11,2026-03-11,2026-03-11,Half Day Leave
2276,10,12,2026-03-12,2026-03-12,Full Day Leave
2277,10,13,2026-03-01,2026-03-01,Half Day Leave
2278,10,13,2026-03-11,2026-03-11,Full Day Leave
2279,10,13,2026-03-24,2026-03-24,Full Day Leave
2280,10,14,2026-03-16,2026-03-16,Half Day Leave
2281,10,15,2026-03-01,2026-03-01,Half Day Leave
2282,10,17,2026-03-24,2026-03-24,Full Day Leave
2283,10,17,2026-03-29,2026-03-29,Half Day Leave
2284,10,17,2026-04-01,2026-04-01,Half Day Leave
2285,10,18,2026-03-01,2026-03-01,Full Day Leave
2286,10,18,2026-03-31,2026-03-31,Half Day Leave
2287,10,18,2026-03-31,2026-03-31,Half Day Leave
2288,10,19,2026-03-25,2026-03-25,Full Day Leave
2289,10,21,2026-03-02,2026-03-02,Full Day Leave
2290,10,21,2026-03-29,2026-03-29,Full Day Leave
2291,10,21,2026-04-01,2026-04-01,Half Day Leave
2292,10,22,2026-03-31,2026-03-31,Full Day Leave
2293,10,22,2026-04-01,2026-04-01,Full Day Leave
2294,10,24,2026-03-08,2026-03-08,Full Day Leave
2295,10,24,2026-03-17,2026-03-17,Full Day Leave
2296,10,25,2026-03-04,2026-03-04,Full Day Leave
2297,10,25,2026-03-09,2026-03-09,Full Day Leave
2298,10,28,2026-03-19,2026-03-19,Full Day Leave
2299,10,28,2026-03-23,2026-03-23,Full Day Leave
2300,10,28,2026-03-24,2026-03-25,Full Day Leave
2301,10,29,2026-03-12,2026-03-12,Half Day Leave
2302,10,29,2026-03-25,2026-03-25,Half Day Leave
2303,10,30,2026-03-09,2026-03-09,Full Day Leave
2304,10,31,2026-03-16,2026-03-16,Full Day Leave
2305,10,32,2026-03-02,2026-03-02,Half Day Leave
2306,10,32,2026-03-09,2026-03-09,Full Day Leave
2307,10,32,2026-03-16,2026-03-16,Full Day Leave
2308,10,34,2026-03-04,2026-03-04,Full Day Leave
2309,10,34,2026-03-25,2026-03-25,Full Day Leave
2310,10,36,2026-03-08,2026-03-08,Half Day Leave
2311,10,38,2026-03-19,2026-03-19,Full Day Leave
2312,10,40,2026-03-04,2026-03-04,Full Day Leave
2313,10,40,2026-03-09,2026-03-09,Full Day Leave
2314,10,40,2026-03-19,2026-03-19,Full Day Leave
2315,10,40,2026-03-25,2026-03-25,Full Day Leave
2316,10,42,2026-03-04,2026-03-04,Full Day Leave
2317,10,42,2026-03-19,2026-03-19,Full Day Leave
2318,10,42,2026-03-23,2026-03-23,Full Day Leave
2319,10,42,2026-03-26,2026-03-26,Full Day Leave
2320,10,44,2026-03-31,2026-03-31,Half Day Leave
2321,10,45,2026-03-19,2026-03-19,Half Day Leave
2322,10,47,2026-03-10,2026-03-10,Half Day Leave
2323,10,47,2026-03-18,2026-03-18,Half Day Leave
2324,10,49,2026-03-09,2026-03-10,Full Day Leave
2325,10,50,2026-03-05,2026-03-05,Full Day Leave
2326,10,50,2026-03-18,2026-03-18,Half Day Leave
2327,10,52,2026-03-09,2026-03-09,Full Day Leave
2328,10,53,2026-03-23,2026-03-23,Half Day Leave
2329,10,54,2026-03-01,2026-03-01,Full Day Leave
2330,10,54,2026-03-22,2026-03-22,Full Day Leave
2331,10,54,2026-03-24,2026-03-24,Half Day Leave
2332,10,54,2026-03-31,2026-03-31,Full Day Leave
2333,10,57,2026-03-16,2026-03-16,Full Day Leave
2334,10,58,2026-03-11,2026-03-11,Full Day Leave
2335,10,58,2026-03-22,2026-03-22,Full Day Leave
2336,10,59,2026-03-02,2026-03-02,Full Day Leave
2337,10,59,2026-03-05,2026-03-05,Half Day Leave
2338,10,59,2026-03-25,2026-03-26,Full Day Leave
2339,10,61,2026-03-15,2026-03-15,Full Day Leave
2340,10,63,2026-03-12,2026-03-12,Half Day Leave
2341,10,63,2026-03-17,2026-03-18,Full Day Leave
2342,10,63,2026-04-01,2026-04-01,Full Day Leave
2343,10,64,2026-03-08,2026-03-08,Full Day Leave
2344,10,64,2026-03-18,2026-03-19,Full Day Leave
2345,10,66,2026-03-11,2026-03-11,Full Day Leave
2346,10,66,2026-03-24,2026-03-24,Full Day Leave
2347,10,67,2026-03-30,2026-03-30,Half Day Leave
2348,10,68,2026-03-01,2026-03-01,Half Day Leave
2349,10,68,2026-03-18,2026-03-18,Full Day Leave
2350,10,68,2026-03-25,2026-03-25,Full Day Leave
2351,10,71,2026-03-24,2026-03-24,Full Day Leave
2352,10,73,2026-03-04,2026-03-04,Full Day Leave
2353,10,74,2026-03-02,2026-03-02,Full Day Leave
2354,10,74,2026-03-29,2026-03-29,Full Day Leave
2355,10,75,2026-03-03,2026-03-03,Full Day Leave
2356,10,75,2026-03-12,2026-03-12,Full Day Leave
2357,10,76,2026-03-05,2026-03-05,Full Day Leave
2358,10,76,2026-03-26,2026-03-26,Full Day Leave
2359,10,77,2026-03-01,2026-03-01,Full Day Leave
2360,10,81,2026-03-02,2026-03-02,Half Day Leave
2361,10,81,2026-03-03,2026-03-03,Full Day Leave
2362,10,81,2026-04-02,2026-04-02,Half Day Leave
2363,10,84,2026-03-26,2026-03-29,Full Day Leave
2364,10,90,2026-03-16,2026-03-16,Full Day Leave
2365,10,91,2026-03-05,2026-03-05,Full Day Leave
2366,10,91,2026-03-15,2026-03-15,Full Day Leave
2367,10,92,2026-03-03,2026-03-03,Full Day Leave
2368,10,92,2026-03-30,2026-03-30,Half Day Leave
2369,10,94,2026-03-18,2026-03-19,Full Day Leave
2370,10,95,2026-03-04,2026-03-04,Full Day Leave
2371,10,95,2026-03-04,2026-03-04,Full Day Leave
2372,10,95,2026-03-16,2026-03-16,Full Day Leave
2373,10,96,2026-03-05,2026-03-05,Full Day Leave
2374,10,97,2026-03-04,2026-03-04,Half Day Leave
2375,10,98,2026-03-12,2026-03-12,Full Day Leave
2376,10,98,2026-03-17,2026-03-17,Half Day Leave
2377,10,101,2026-03-02,2026-03-02,Half Day Leave
2378,10,101,2026-03-17,2026-03-17,Full Day Leave
2379,10,101,2026-03-30,2026-03-30,Half Day Leave
2380,10,101,2026-03-30,2026-03-30,Half Day Leave
2381,10,102,2026-03-15,2026-03-15,Half Day Leave
2382,10,102,2026-03-18,2026-03-18,Full Day Leave
2383,10,102,2026-03-19,2026-03-19,Full Day Leave
2384,10,102,2026-03-25,2026-03-25,Full Day Leave
2385,10,104,2026-04-01,2026-04-01,Full Day Leave
2386,10,105,2026-04-01,2026-04-01,Full Day Leave
2387,10,109,2026-03-05,2026-03-05,Full Day Leave
2388,10,109,2026-03-05,2026-03-05,Full Day Leave
2389,10,109,2026-03-08,2026-03-08,Full Day Leave
2390,10,109,2026-03-31,2026-03-31,Half Day Leave
2391,10,110,2026-03-10,2026-03-10,Half Day Leave
2392,10,110,2026-03-19,2026-03-19,Full Day Leave
2393,10,111,2026-03-25,2026-03-25,Half Day Leave
2394,10,112,2026-03-15,2026-03-15,Full Day Leave
2395,10,113,2026-03-15,2026-03-15,Full Day Leave
2396,10,113,2026-03-15,2026-03-15,Full Day Leave
2397,10,113,2026-03-26,2026-03-26,Full Day Leave
2398,10,114,2026-03-23,2026-03-23,Full Day Leave
2399,10,117,2026-03-22,2026-03-22,Full Day Leave
2400,10,119,2026-03-17,2026-03-17,Full Day Leave
2401,10,120,2026-03-05,2026-03-05,Full Day Leave
2402,10,121,2026-03-16,2026-03-17,Full Day Leave
2403,10,122,2026-03-18,2026-03-18,Full Day Leave
2404,10,122,2026-04-01,2026-04-01,Half Day Leave
2405,10,124,2026-03-05,2026-03-05,Full Day Leave
2406,10,124,2026-03-25,2026-03-25,Full Day Leave
2407,10,124,2026-03-30,2026-03-30,Half Day Leave
2408,10,126,2026-03-23,2026-03-23,Full Day Leave
2409,10,127,2026-03-15,2026-03-15,Full Day Leave
2410,10,128,2026-04-01,2026-04-01,Full Day Leave
2411,10,131,2026-03-26,2026-03-29,Full Day Leave
2412,10,133,2026-03-04,2026-03-04,Full Day Leave
2413,10,133,2026-03-08,2026-03-08,Full Day Leave
2414,10,133,2026-03-11,2026-03-11,Full Day Leave
2415,10,133,2026-03-23,2026-03-23,Full Day Leave
2416,10,135,2026-03-09,2026-03-09,Full Day Leave
2417,10,135,2026-03-24,2026-03-25,Full Day Leave
2418,10,136,2026-03-16,2026-03-16,Full Day Leave
2419,10,137,2026-03-05,2026-03-05,Half Day Leave
2420,10,137,2026-03-23,2026-03-23,Full Day Leave
2421,10,138,2026-03-11,2026-03-11,Full Day Leave
2422,10,139,2026-03-25,2026-03-25,Half Day Leave
2423,10,139,2026-04-01,2026-04-01,Full Day Leave
2424,10,140,2026-03-09,2026-03-09,Full Day Leave
2425,10,141,2026-03-25,2026-03-25,Full Day Leave
2426,10,142,2026-03-02,2026-03-02,Full Day Leave
2427,10,142,2026-03-26,2026-03-26,Half Day Leave
2428,10,143,2026-03-29,2026-03-30,Full Day Leave
2429,10,144,2026-03-08,2026-03-08,Full Day Leave
2430,10,144,2026-03-16,2026-03-16,Full Day Leave
2431,10,144,2026-03-26,2026-03-26,Half Day Leave
2432,10,144,2026-03-29,2026-03-29,Full Day Leave
2433,10,145,2026-03-05,2026-03-05,Full Day Leave
2434,10,146,2026-03-02,2026-03-02,Half Day Leave
2435,10,146,2026-03-30,2026-03-30,Full Day Leave
2436,10,148,2026-03-18,2026-03-18,Full Day Leave
2437,10,148,2026-03-19,2026-03-19,Full Day Leave
2438,10,149,2026-03-02,2026-03-02,Full Day Leave
2439,10,150,2026-03-02,2026-03-03,Full Day Leave
2440,10,153,2026-03-08,2026-03-09,Full Day Leave
2441,10,154,2026-03-02,2026-03-02,Half Day Leave
2442,10,154,2026-03-29,2026-03-29,Full Day Leave
2443,10,155,2026-03-18,2026-03-18,Full Day Leave
2444,10,155,2026-03-30,2026-03-30,Full Day Leave
2445,10,160,2026-03-09,2026-03-09,Full Day Leave
2446,10,161,2026-03-17,2026-03-17,Full Day Leave
2447,10,163,2026-03-15,2026-03-15,Full Day Leave
2448,10,164,2026-04-02,2026-04-02,Full Day Leave
2449,10,168,2026-03-08,2026-03-08,Full Day Leave
2450,10,168,2026-03-11,2026-03-11,Full Day Leave
2451,10,169,2026-03-24,2026-03-24,Full Day Leave
2452,10,169,2026-03-26,2026-03-26,Full Day Leave
2453,10,170,2026-03-01,2026-03-01,Full Day Leave
2454,10,170,2026-03-16,2026-03-16,Full Day Leave
2455,10,172,2026-03-01,2026-03-01,Full Day Leave
2456,10,172,2026-03-08,2026-03-08,Half Day Leave
